"id","month","rate","pe","mom","vol","ret_fwd","y"
1,1,-2.40216344987725,12.5448441697173,-0.701505236840662,1.61683257786848,0.0250604744195781,"Up"
2,1,-2.40216344987725,3.45415562179594,0.88223456781802,1.58819175541076,0.0441145255123657,"Up"
3,1,-2.40216344987725,20.0286926223113,-0.133370388722892,0.450273179919295,-0.0465932413008931,"Down"
4,1,-2.40216344987725,11.453996187088,-1.12067849929142,1.17410722795939,-0.0570499739044587,"Down"
5,1,-2.40216344987725,11.5599569176632,0.461192454211788,0.900399884429584,0.0295738626650495,"Up"
6,1,-2.40216344987725,20.1278568484835,1.52414281017881,0.992525655455998,-0.0218146854570104,"Down"
7,1,-2.40216344987725,13.576134964745,0.434468298132828,0.514355799170033,0.087600043702485,"Up"
8,1,-2.40216344987725,8.89641143872732,0.192000371138929,1.12244815260619,-0.0359897943587476,"Down"
9,1,-2.40216344987725,15.9065173987458,-0.656243128417058,0.853835944315366,-0.0654312588450145,"Down"
10,1,-2.40216344987725,14.3055431878048,0.568398530869528,1.11869949636016,0.0159800124106276,"Up"
11,1,-2.40216344987725,15.0288209294994,-1.07057053489039,0.944248920989697,0.0330984395967268,"Up"
12,1,-2.40216344987725,16.9264020056317,-1.65314902448089,0.735186355791672,0.0137058641255381,"Up"
13,1,-2.40216344987725,13.146699841038,-0.0433527684937541,1.10512549740396,0.0102496050923472,"Up"
14,1,-2.40216344987725,18.2218827425942,-0.0345935057990383,1.1954476543579,0.029074466324562,"Up"
15,1,-2.40216344987725,13.8975671909062,2.36505553200281,1.01642928673303,-0.00779919995622454,"Down"
16,1,-2.40216344987725,16.6589098195785,-1.2163473078919,1.18545951552024,0.0190386643646896,"Up"
17,1,-2.40216344987725,20.4841950657467,0.170906323349044,0.870051225988107,-0.0305710713780231,"Down"
18,1,-2.40216344987725,17.175907454169,0.805053093622194,1.47026145352745,-0.021178675564516,"Down"
19,1,-2.40216344987725,13.3703420723439,1.05059284411588,0.898173803289336,0.0285164805575451,"Up"
20,1,-2.40216344987725,20.7440380922555,-0.0107244846593236,0.840384657005588,0.0305521484656571,"Up"
21,1,-2.40216344987725,19.9675192798106,-0.743256141429252,1.36680764519694,-0.0386146036043337,"Down"
22,1,-2.40216344987725,17.7419847975403,-0.0657840518699871,1.39719220416666,-0.0638131257637719,"Down"
23,1,-2.40216344987725,16.1936586755572,1.93975599193716,1.22653937914883,-0.0245878706619058,"Down"
24,1,-2.40216344987725,11.8604696198031,0.482739008175833,1.06838909780732,-0.0799730468884857,"Down"
25,1,-2.40216344987725,21.80326224265,-2.04447707255807,1.61359691437467,0.00225713260426915,"Up"
26,1,-2.40216344987725,11.9987020642644,1.42345912865025,0.738457100921909,0.055524432756278,"Up"
27,1,-2.40216344987725,25.9366649650829,0.540502660915081,1.40681881785512,0.100172804101193,"Up"
28,1,-2.40216344987725,22.6630531309259,-0.033571771837525,1.67249772092801,-0.0373264318958395,"Down"
29,1,-2.40216344987725,13.8214982044976,-0.0178636211100986,1.01651780736028,-0.00727407276398571,"Down"
30,1,-2.40216344987725,9.8678954984661,-0.149789719793403,1.19210017099698,0.0113660975976365,"Up"
31,1,-2.40216344987725,11.4479671815035,0.25655948095525,1.20070712982371,0.0304595419875671,"Up"
32,1,-2.40216344987725,16.2844185457826,-0.503866933037017,1.43057234076225,-0.0282938949183227,"Down"
33,1,-2.40216344987725,13.7665406076881,0.277011251660008,0.772870998927041,0.0650979527509771,"Up"
34,1,-2.40216344987725,13.2622870030113,-0.931356024820741,1.30827811686381,-0.00847243069186937,"Down"
35,1,-2.40216344987725,10.2419071636749,0.200146875274757,0.598885937909869,0.0691865097335633,"Up"
36,1,-2.40216344987725,14.7748613759554,1.10683742066645,1.86464570327952,-0.060437492295552,"Down"
37,1,-2.40216344987725,11.0754776527146,0.509206113653802,0.842482888128467,0.012849981076872,"Up"
38,1,-2.40216344987725,6.66029031705932,1.03374967645111,0.909502720662313,0.0430297475354412,"Up"
39,1,-2.40216344987725,13.0988673985612,-1.09086876180262,1.08076114089242,-0.0145341935320204,"Down"
40,1,-2.40216344987725,19.5949830453038,0.0547927844725968,0.687224939113001,-0.0127963903818034,"Down"
1,2,-0.900272143044943,12.123265186958,0.617250302722062,0.924161487147444,-0.0258781188077999,"Down"
2,2,-0.900272143044943,18.0398216111252,-1.06800486773328,1.01861741481826,-0.00548743590797307,"Down"
3,2,-0.900272143044943,6.91058645855418,1.56581433705846,0.903038359452619,0.0769422141135573,"Up"
4,2,-0.900272143044943,14.7221901723773,-1.03480801098526,1.83654891055025,-0.0579830560938413,"Down"
5,2,-0.900272143044943,17.5970360197173,0.16451870850584,0.585067417215445,-0.00316928851328726,"Down"
6,2,-0.900272143044943,16.5057668108336,0.151832330355081,0.968878051658658,-0.0227546906468376,"Down"
7,2,-0.900272143044943,15.5283809707447,0.121670301966854,1.42426257219455,0.0713330267832966,"Up"
8,2,-0.900272143044943,11.7964699584731,-0.210424583643468,0.778139518383913,0.0978517160285266,"Up"
9,2,-0.900272143044943,10.7514782698321,0.449936787146205,0.959171549328917,0.0305200641386899,"Up"
10,2,-0.900272143044943,9.87935604697543,-1.03116449189746,1.7913785606047,-0.00140322130530129,"Down"
11,2,-0.900272143044943,15.5882329855006,-1.28936418822322,0.571092732236899,0.0622015477918457,"Up"
12,2,-0.900272143044943,10.262626929076,-0.654568638113246,0.785779264827054,-0.0236820562814227,"Down"
13,2,-0.900272143044943,12.5472127814967,-0.0573241038477796,0.698009498062173,-0.000597146374878012,"Down"
14,2,-0.900272143044943,13.7195390390088,1.25674782035705,1.20786750872165,0.0611510866768181,"Up"
15,2,-0.900272143044943,24.219310026161,1.58745413986454,0.771176076819794,0.00858305687540716,"Up"
16,2,-0.900272143044943,11.7402504915227,0.319481462544746,1.1506668925851,-0.019848466107964,"Down"
17,2,-0.900272143044943,16.1769328614243,0.381591622693148,0.8238705057307,0.0124230746028483,"Up"
18,2,-0.900272143044943,15.3898042478186,-0.243644883639445,0.955273427561959,-0.0229073077009881,"Down"
19,2,-0.900272143044943,10.1907168293494,0.0480530840530341,1.29286988422936,0.0961249345789078,"Up"
20,2,-0.900272143044943,14.643459569382,-1.40454586110179,1.04195746930119,-0.026527032857151,"Down"
21,2,-0.900272143044943,22.2227542921167,0.289933728895764,0.558661443391449,0.0437740283179784,"Up"
22,2,-0.900272143044943,17.2575202653961,-0.535553582293745,0.851491092199428,-0.00275957138396924,"Down"
23,2,-0.900272143044943,15.2061646099647,0.334678773100549,1.2387199267865,0.0689684402082282,"Up"
24,2,-0.900272143044943,12.8875158383019,-0.345981339154502,1.74725239813118,0.0448135396295089,"Up"
25,2,-0.900272143044943,4.73376389229742,-0.661615734836447,0.715733173997061,-0.0307297912612372,"Down"
26,2,-0.900272143044943,20.6566860670709,-0.219111376802046,0.933712867095939,0.00766083278222399,"Up"
27,2,-0.900272143044943,7.69679964537589,-0.366904910633707,0.97582016769536,-0.00551988963336853,"Down"
28,2,-0.900272143044943,18.6997375543867,1.09457820784237,0.802703441692759,0.027624031680028,"Up"
29,2,-0.900272143044943,24.5455178460874,0.209208082437128,0.660479067833742,-0.00719924087985024,"Down"
30,2,-0.900272143044943,7.780534195141,0.432491426153216,1.73609611433035,0.0285299967435724,"Up"
31,2,-0.900272143044943,18.5089216768736,-1.24085358580078,1.55815174159572,-0.0188112274423219,"Down"
32,2,-0.900272143044943,13.6890125529877,1.49682170962802,0.655710423568855,0.0589787459499794,"Up"
33,2,-0.900272143044943,7.13927920427256,0.159370441160762,0.56825123686062,0.0216250770833805,"Up"
34,2,-0.900272143044943,7.42666173109124,-0.856281403403253,0.920158014972727,-0.0667392190550964,"Down"
35,2,-0.900272143044943,6.99231913212703,0.309046645446821,1.13783614645824,0.00474791738548492,"Up"
36,2,-0.900272143044943,12.3454673891485,0.870434029844877,0.962100849725658,-0.00947020828226056,"Down"
37,2,-0.900272143044943,7.6912220750205,-1.38367713830156,1.4032337277042,0.0506395392473622,"Up"
38,2,-0.900272143044943,18.4395838648791,1.69010697003056,0.92871019002797,-0.0516733575184117,"Down"
39,2,-0.900272143044943,25.5005447026284,-0.158030705178362,0.704924661685753,-0.109805278390137,"Down"
40,2,-0.900272143044943,8.5648476198241,1.12117078064864,1.57769463204873,0.0325321842846819,"Up"
1,3,-0.420114642279941,18.9386942373759,0.0722613190889151,0.932199880584913,0.0382929400873462,"Up"
2,3,-0.420114642279941,18.8452112050045,-0.332422844566724,0.9183358770757,0.0114773709250811,"Up"
3,3,-0.420114642279941,16.6610128947506,-1.83492004662686,0.924088451457551,0.0523181766079655,"Up"
4,3,-0.420114642279941,9.95811695861496,-1.10017221858719,1.01694322660481,0.0366807642598707,"Up"
5,3,-0.420114642279941,14.4027369668467,-0.041340299917431,0.498775807926861,-0.0493210483583368,"Down"
6,3,-0.420114642279941,13.5980233241488,0.827852545117142,1.2275117336289,0.0478002786139262,"Up"
7,3,-0.420114642279941,17.8149476661024,-1.88167865415457,1.24156113749355,-0.0461368588855042,"Down"
8,3,-0.420114642279941,13.1378062194809,1.37544111232424,1.20776743132898,0.0600375136485648,"Up"
9,3,-0.420114642279941,19.8848669334281,1.39899046430298,0.883965109466278,0.0485173075979304,"Up"
10,3,-0.420114642279941,13.1270957111649,-1.14331625591094,1.03024076573289,-0.012459472935883,"Down"
11,3,-0.420114642279941,20.2635573278967,0.47230056219311,0.650200955546965,0.0470259828710345,"Up"
12,3,-0.420114642279941,9.75411496666967,-1.03363921335421,1.11397433905607,-0.0215251596316496,"Down"
13,3,-0.420114642279941,8.69922377620944,-0.125199978688284,0.782613274643738,0.0489553104450154,"Up"
14,3,-0.420114642279941,31.205199674712,0.928662738846683,1.48448495056549,-0.124999654424654,"Down"
15,3,-0.420114642279941,12.9157120591978,0.868339647698772,0.757488388524035,-0.0498396912486509,"Down"
16,3,-0.420114642279941,16.4911379577036,-0.849174603633478,0.539169322820939,-0.00119082380013027,"Down"
17,3,-0.420114642279941,18.1828483701692,-0.386636454475566,1.05316272427694,-0.0370311205870869,"Down"
18,3,-0.420114642279941,12.5810968714563,-0.976163570997166,0.613137022805531,-0.141312459626987,"Down"
19,3,-0.420114642279941,17.584310221568,0.339543659904915,0.757028796685313,-0.0440709045186483,"Down"
20,3,-0.420114642279941,16.8448226369254,-1.55907516443377,1.27278789445844,0.0662611198821831,"Up"
21,3,-0.420114642279941,13.9230974617915,-2.62932544155136,1.75365034100252,-0.0810902903968495,"Down"
22,3,-0.420114642279941,15.3264651676266,1.46981228187286,0.924221583595097,0.0133878929377992,"Up"
23,3,-0.420114642279941,14.8296637313077,2.27347291299472,1.33842746239432,-0.0154616687777306,"Down"
24,3,-0.420114642279941,25.6422594950809,-0.455033540238828,0.661523905004198,-0.013193206338717,"Down"
25,3,-0.420114642279941,11.2933195186359,0.761102487094892,1.6805991962922,-0.00797901223951603,"Down"
26,3,-0.420114642279941,9.52001866462668,-0.00750278370972113,0.998475009544928,-0.00844453967148725,"Down"
27,3,-0.420114642279941,15.1889419958554,1.47431379971599,0.791390247641818,-0.000736735831020225,"Down"
28,3,-0.420114642279941,16.5524037472157,0.554143932569381,1.12666639130697,-0.110197963734531,"Down"
29,3,-0.420114642279941,17.1826173945509,0.203663965116151,0.784448244944942,-0.00299083400295774,"Down"
30,3,-0.420114642279941,12.7081733364445,-1.79913645176587,1.01521144305022,-0.00728976626605055,"Down"
31,3,-0.420114642279941,9.68336933014404,1.08295568079775,1.03100248211664,0.0253803621905264,"Up"
32,3,-0.420114642279941,21.3159258804475,-0.350853615046856,1.42011387749822,0.0550913852716667,"Up"
33,3,-0.420114642279941,13.2517480602322,-1.40349008471503,0.84368394423926,-0.00936985418811986,"Down"
34,3,-0.420114642279941,10.6724356867331,-0.20179666491333,0.893506127541782,0.010472974703136,"Up"
35,3,-0.420114642279941,13.8186021552945,-0.126778159792303,1.03789856843561,-0.0755455760236769,"Down"
36,3,-0.420114642279941,14.0141205282572,1.05920687266615,1.30893305472936,0.00731160738431806,"Up"
37,3,-0.420114642279941,20.5496014485682,-1.167396032264,1.76593288580559,-0.096327530039706,"Down"
38,3,-0.420114642279941,15.423686460986,-0.557643627318445,1.60746103398346,0.0913953532576977,"Up"
39,3,-0.420114642279941,18.7702689259226,1.48811992838316,1.3338594820291,-0.0188970889837191,"Down"
40,3,-0.420114642279941,12.5035399141387,1.35866576877003,0.565003646919732,0.0238297622772421,"Up"
1,4,-0.665085566798209,16.072226547908,1.16321454390236,1.32869522405947,0.026610651785612,"Up"
2,4,-0.665085566798209,13.3765704425458,1.66152394534788,1.25360839863695,-0.0566124947219591,"Down"
3,4,-0.665085566798209,15.4729176408679,0.204030979829896,0.811120107255431,0.0234076771460869,"Up"
4,4,-0.665085566798209,10.5231832101123,-0.581883686869775,0.844104427047843,-0.056382925839668,"Down"
5,4,-0.665085566798209,8.44599233336014,0.555204061863422,0.663155946200379,0.0282026545880779,"Up"
6,4,-0.665085566798209,24.9860669237398,1.05872312582593,0.996242982881878,-0.0339239728564558,"Down"
7,4,-0.665085566798209,18.0035441183621,2.41363327147105,1.0275619984618,-0.0261207559236905,"Down"
8,4,-0.665085566798209,8.74364319187528,-1.96498233271119,0.590925611601134,0.0108919622766334,"Up"
9,4,-0.665085566798209,11.9441704165979,0.273235703066817,0.622257496814798,0.0205894510134603,"Up"
10,4,-0.665085566798209,9.07259957701345,0.654794582869646,1.05373977118384,-0.00760222943274463,"Down"
11,4,-0.665085566798209,25.9940517444186,-0.0545986553603831,0.734867416679843,-0.0463605630214433,"Down"
12,4,-0.665085566798209,21.5620648821676,-1.55782224848511,0.91414607875904,-0.00744890816157055,"Down"
13,4,-0.665085566798209,13.6742747165182,0.741500892086244,1.35298735849912,0.000486487322889761,"Up"
14,4,-0.665085566798209,17.7159702961604,-0.779085741263919,0.880052811374513,0.0411048714728329,"Up"
15,4,-0.665085566798209,12.9283002604057,0.505861498830513,1.0388551551391,-0.0291672025488489,"Down"
16,4,-0.665085566798209,12.6187655269221,0.907551706017851,1.20289518763623,-0.00151050438282083,"Down"
17,4,-0.665085566798209,11.0569858107488,1.28395701047459,0.713625250761712,0.122043713745117,"Up"
18,4,-0.665085566798209,12.0269136627024,-1.55786379738557,1.45179846213078,-0.0746065107871664,"Down"
19,4,-0.665085566798209,23.2545373366835,1.08174184817912,1.31666840063748,0.0130687261391212,"Up"
20,4,-0.665085566798209,14.7298593745728,-0.756981356946019,1.46505031691801,0.0138194488541956,"Up"
21,4,-0.665085566798209,15.5962261821379,-1.28901947384896,0.879976276082849,-0.0315262291945498,"Down"
22,4,-0.665085566798209,16.2184371479955,1.31432066591943,0.64449006170777,-0.0287233784705519,"Down"
23,4,-0.665085566798209,21.1623793924267,1.14625997326498,1.16573161420175,-0.0741282025298295,"Down"
24,4,-0.665085566798209,12.4196808452761,-0.242583267705004,1.20389204053348,-0.0730601228576269,"Down"
25,4,-0.665085566798209,10.0374642480398,0.759540706238345,2.1427940047374,-0.0102935083293145,"Down"
26,4,-0.665085566798209,23.378484662016,-0.860325741423062,1.67505814451024,0.0474267315179067,"Up"
27,4,-0.665085566798209,12.7941839154736,-0.151031579052044,0.869823614924788,0.00157272960256223,"Up"
28,4,-0.665085566798209,11.3846701503006,-0.0937232337608719,0.739313528841517,0.0773420065038367,"Up"
29,4,-0.665085566798209,8.81863440558354,-0.280740054504004,1.20477965226809,-0.0310824121640408,"Down"
30,4,-0.665085566798209,8.57642138841102,0.734098736497243,1.81842864767534,0.032918152247816,"Up"
31,4,-0.665085566798209,12.1301326035101,1.53732753549595,0.701215381890048,0.0158402673675664,"Up"
32,4,-0.665085566798209,18.0899290858326,-0.455771062778902,0.791242738690768,0.00923027672570562,"Up"
33,4,-0.665085566798209,20.5492406946486,-0.0326584523557289,1.68929029402665,0.00112670498338109,"Up"
34,4,-0.665085566798209,18.5379417691779,1.6367573491655,1.73525798114896,0.0404720857740392,"Up"
35,4,-0.665085566798209,13.1817135145237,-0.329041970526538,1.06010390227454,-0.00310288093755147,"Down"
36,4,-0.665085566798209,15.298749686923,-2.6040381706071,0.615039315687645,0.0321021655943431,"Up"
37,4,-0.665085566798209,11.4770176815996,0.513983786447932,0.849785632616124,0.0279536259204092,"Up"
38,4,-0.665085566798209,11.41390919213,-0.886468011111257,1.41938780035735,-0.00654915769293503,"Down"
39,4,-0.665085566798209,19.4232524948846,-0.998538406003926,1.90812306889488,-0.0205664212806738,"Down"
40,4,-0.665085566798209,9.92203710698228,1.42081681358485,0.99524836286481,-0.0546171155787331,"Down"
1,5,0.176653996432687,24.7764698274623,2.44799800701523,0.827427705758936,-0.0310740252156959,"Down"
2,5,0.176653996432687,14.5484020301707,-1.03978254140354,1.09591123455331,-0.0291817966429043,"Down"
3,5,0.176653996432687,16.0726941331461,1.03102518166676,1.04442195699121,0.0426834050118947,"Up"
4,5,0.176653996432687,11.3073614763021,-0.0941478383696331,0.761244570861148,0.031189090225536,"Up"
5,5,0.176653996432687,12.1280565511837,0.141807459220448,1.1943059863524,-0.0484692804410086,"Down"
6,5,0.176653996432687,8.41491933847379,1.2222367014564,1.51760478454309,-0.0246504332246246,"Down"
7,5,0.176653996432687,14.0853730581364,0.213674518441066,1.003943884912,0.0787304401045884,"Up"
8,5,0.176653996432687,17.0949120246223,-0.851365353860758,1.20650175435485,-0.0867515551408609,"Down"
9,5,0.176653996432687,16.6215217208069,-0.470408874742861,1.07855858906778,-0.00442711592040572,"Down"
10,5,0.176653996432687,11.0923175647262,0.686135255298873,1.1485150282165,0.00949911246387249,"Up"
11,5,0.176653996432687,11.05689014573,-2.3359473318599,0.937923464998633,-0.0471659881141603,"Down"
12,5,0.176653996432687,12.4890064082857,1.09524438184847,1.43241641286547,-0.0716800320162418,"Down"
13,5,0.176653996432687,22.4803033492318,-1.56715009883224,1.07201594867425,-0.0419814663506678,"Down"
14,5,0.176653996432687,9.31348189667128,0.0219310628183824,0.859974590943819,0.127345921000494,"Up"
15,5,0.176653996432687,14.104742028099,-0.19035897759196,1.20820663354802,-0.0164553427843668,"Down"
16,5,0.176653996432687,24.5118091083946,1.29306948602434,1.33267640892763,-0.0176342478196521,"Down"
17,5,0.176653996432687,14.495125573356,0.188849315056629,0.977902938321481,0.00058104623441646,"Up"
18,5,0.176653996432687,8.20079648089303,0.101939134905212,0.447781753225351,-0.0637715842640935,"Down"
19,5,0.176653996432687,11.6761528236297,0.698135808858598,1.63370316109145,0.0320442337971845,"Up"
20,5,0.176653996432687,17.4272998945244,-0.827014556190432,0.798365182051365,0.0206735275257602,"Up"
21,5,0.176653996432687,13.1219856416511,-0.195898856066376,0.900555780569698,-0.0273990976887474,"Down"
22,5,0.176653996432687,12.1906181822511,1.17758441380777,1.62513229038934,0.000139146961560526,"Up"
23,5,0.176653996432687,13.2804138293577,0.683473620979851,0.565858084367757,-0.0293615038431373,"Down"
24,5,0.176653996432687,15.4524832356961,-1.27549670675253,0.71751364928948,0.0174590457736692,"Up"
25,5,0.176653996432687,22.9925438557291,0.63795636741088,0.798647814993029,-0.0916720535982543,"Down"
26,5,0.176653996432687,14.5571744393056,-1.37758962460372,0.674445497405769,-0.02831638839417,"Down"
27,5,0.176653996432687,20.4039974807576,-0.59831080371967,1.3923409916646,0.0148683969960065,"Up"
28,5,0.176653996432687,18.1537705782528,1.21092038385701,1.46133271828083,0.0796816305881771,"Up"
29,5,0.176653996432687,14.4318005224693,-2.25104517544585,1.16213965859829,-0.0687948856185921,"Down"
30,5,0.176653996432687,7.33548998554701,-1.77901419088083,0.876497218784711,-0.073058920359393,"Down"
31,5,0.176653996432687,12.3944134122374,1.30137267282642,0.880642087501143,-0.00608790397053189,"Down"
32,5,0.176653996432687,12.5506477343076,-0.814792784052655,0.84330893121778,-0.0162381354012302,"Down"
33,5,0.176653996432687,15.2357721638076,1.24370701857891,0.854352070266253,0.0357948017368618,"Up"
34,5,0.176653996432687,21.5009933883341,-0.168250200756106,1.15586349360521,-0.0194075708620922,"Down"
35,5,0.176653996432687,26.4653948691555,0.427775678362924,1.31360991758844,-0.0411141778484664,"Down"
36,5,0.176653996432687,22.7379052949188,0.813278889629239,0.871993502723893,0.0867709465132261,"Up"
37,5,0.176653996432687,14.3342451783553,-0.651211869360044,1.10042571623229,-0.030066012683867,"Down"
38,5,0.176653996432687,6.21736302221181,-0.304590923146605,0.488831306617073,0.0369851988337428,"Up"
39,5,0.176653996432687,13.0561006796413,-0.415097169645636,1.02301187196116,0.0256952298849842,"Up"
40,5,0.176653996432687,15.4460361153665,2.81608427602238,0.768332607494577,-0.0145722493487188,"Down"
1,6,0.835230407741707,19.2250650203372,0.126147069097579,1.39035617307471,0.0650556579016708,"Up"
2,6,0.835230407741707,19.8126398424214,0.472800423111086,1.42724686922761,-0.0740849835516209,"Down"
3,6,0.835230407741707,18.4215471470823,-0.34075354094095,0.51739503034462,-0.0656871711815974,"Down"
4,6,0.835230407741707,8.02362825100266,-0.24179064265461,1.31876442364244,0.0427060618712097,"Up"
5,6,0.835230407741707,19.2482152281668,1.37875466885731,0.843902326384753,-0.0873397787804089,"Down"
6,6,0.835230407741707,12.7672139178639,-0.33888366953739,0.952007556708425,0.0144713531690048,"Up"
7,6,0.835230407741707,15.8740135008063,0.0201363027607609,1.30937542420649,-0.00732736673625858,"Down"
8,6,0.835230407741707,15.3727558858687,0.376962164141067,1.22967535522748,0.0222746818807622,"Up"
9,6,0.835230407741707,17.1408338248525,-0.431723745037877,0.782151382350882,0.0197085117737225,"Up"
10,6,0.835230407741707,15.1233749141307,1.95906415617703,1.10078110921873,-0.0381263772737249,"Down"
11,6,0.835230407741707,6.66262451207169,-1.42845961222117,0.869251685242172,-0.0555477303962065,"Down"
12,6,0.835230407741707,18.6824798238672,2.01129297984563,1.4558014894471,0.0340456395721975,"Up"
13,6,0.835230407741707,16.9301328417484,-0.351591888879179,0.624101804514828,0.0259370891602665,"Up"
14,6,0.835230407741707,13.6717418736089,1.35711964684949,1.27880536767346,-0.0639194803554392,"Down"
15,6,0.835230407741707,15.5907225552334,-1.99917741100747,1.5179015570751,-0.0912140453954822,"Down"
16,6,0.835230407741707,15.6701932268423,0.956080621428453,0.45709798459967,-0.0635310846582484,"Down"
17,6,0.835230407741707,16.105097342805,0.876431264976865,1.21448968848706,-0.0127036878161237,"Down"
18,6,0.835230407741707,23.2042308298874,-1.27121697156009,0.896825588403195,-0.0281079676098674,"Down"
19,6,0.835230407741707,13.9047481053326,-0.768323878489628,1.03361929879369,0.0957882090258318,"Up"
20,6,0.835230407741707,15.8403269194233,0.193524845470222,0.922173178149183,0.0115072987598187,"Up"
21,6,0.835230407741707,20.8419193653455,1.14383542879701,1.23075671058906,-0.0198342608049346,"Down"
22,6,0.835230407741707,20.2709051168846,-0.765999304028674,1.32112558828946,-0.0500959230998934,"Down"
23,6,0.835230407741707,20.7263155519018,-0.224125999053298,1.19475247543589,-0.0471299149284088,"Down"
24,6,0.835230407741707,12.1126599947022,1.57134693497734,0.968615224929209,-0.0367000795700298,"Down"
25,6,0.835230407741707,25.0124136514641,-1.12734724085149,0.880523432516973,-0.0815897575773693,"Down"
26,6,0.835230407741707,15.3335043546509,0.947793980716858,0.958779530621138,-0.00197828044699999,"Down"
27,6,0.835230407741707,24.3342592235343,0.448768189234897,0.934085460575573,-0.176720874874324,"Down"
28,6,0.835230407741707,8.24548656984644,-1.10581452855633,1.06345025681421,-0.0788844984836611,"Down"
29,6,0.835230407741707,15.1049179317712,-0.667867842173781,0.780844973282721,0.0296150067426031,"Up"
30,6,0.835230407741707,21.2495728548461,0.783277510302197,1.19169203469063,-0.007076005810193,"Down"
31,6,0.835230407741707,11.423789063886,0.248959432712127,0.741196430989651,0.0148210975524886,"Up"
32,6,0.835230407741707,11.2365551589113,1.42509827746748,0.640642018312055,-0.0350621556369804,"Down"
33,6,0.835230407741707,10.3073064819655,-0.601783962091586,1.08040205491187,0.0522314931077459,"Up"
34,6,0.835230407741707,9.73743360330632,-1.71448769637948,1.13268056076161,-0.0396717486895466,"Down"
35,6,0.835230407741707,12.814202334098,1.04782692647826,1.36019200764387,0.0194563331850029,"Up"
36,6,0.835230407741707,16.6558958647949,-0.608621618434128,1.24336674884892,-0.0204694617957056,"Down"
37,6,0.835230407741707,4.9289475103964,0.120340526822556,1.0681585801948,0.012216568762796,"Up"
38,6,0.835230407741707,16.0599021668615,1.7190418138518,1.23057296181789,-0.0289958526110915,"Down"
39,6,0.835230407741707,21.1833752320829,-0.250414052311195,0.745165214610138,0.0423819213614601,"Up"
40,6,0.835230407741707,25.1878700912022,1.54955532739698,0.710218285978312,-0.0364322434429998,"Down"
1,7,1.31278428222445,21.5058799610029,-1.09713964993245,0.694442162885319,0.113294914659963,"Up"
2,7,1.31278428222445,18.7838738189798,0.925511236116236,1.01350899382581,-0.0252017796739655,"Down"
3,7,1.31278428222445,6.36634800442835,0.246799211870998,1.21950021186429,-0.010326262486231,"Down"
4,7,1.31278428222445,11.9924664599661,-0.73677153935145,1.312478945909,-0.0559775966717609,"Down"
5,7,1.31278428222445,13.2397677170869,-1.28000893888965,1.56066253951165,0.00742630262891332,"Up"
6,7,1.31278428222445,18.5176195137845,0.0766436635945079,1.10380155001134,-0.0128386577414561,"Down"
7,7,1.31278428222445,14.4716433299811,0.255164762454082,0.962272663193342,0.0124565093560164,"Up"
8,7,1.31278428222445,8.70675685969914,0.277446817034678,0.820055643665967,0.0190725595135087,"Up"
9,7,1.31278428222445,23.4221785404706,0.536856022231548,1.07920047482934,-0.0598783661271629,"Down"
10,7,1.31278428222445,19.5569564589798,-0.460485565976711,0.980878595986107,0.0156180228549865,"Up"
11,7,1.31278428222445,16.1871513624551,-0.511603722189581,0.907067151204288,-0.0839808288928479,"Down"
12,7,1.31278428222445,21.0905430516291,0.236937879127631,0.816190969960579,-0.0141066632845198,"Down"
13,7,1.31278428222445,8.30612856382514,-0.541589171621698,0.739515919700422,0.0244522472509489,"Up"
14,7,1.31278428222445,18.304101488949,1.21922764704307,0.744617884118439,-0.0941965745592997,"Down"
15,7,1.31278428222445,12.3854381184329,0.174135875106149,1.55371542122575,-0.0422146140910689,"Down"
16,7,1.31278428222445,18.4187276092536,-0.615268316096478,1.07808395521542,-0.0464911593103409,"Down"
17,7,1.31278428222445,14.6958902266996,-1.80689296408533,0.878955044085488,-0.13472060269375,"Down"
18,7,1.31278428222445,18.1648035651573,-0.643681105896039,0.622658338551663,-0.0356294113707035,"Down"
19,7,1.31278428222445,21.677588075297,2.04601885213282,1.05956571471449,0.0587375381095292,"Up"
20,7,1.31278428222445,15.0364504515845,-0.560762421131065,0.861405418057648,-0.0945995118155421,"Down"
21,7,1.31278428222445,20.0877931847605,-0.835999305852858,0.97456168257083,-0.083100664504782,"Down"
22,7,1.31278428222445,9.0578298242601,0.652947502777847,0.939746964566274,-0.0343665583172819,"Down"
23,7,1.31278428222445,11.3919777978199,0.441293124842934,1.26215000075837,-0.020534327413203,"Down"
24,7,1.31278428222445,22.5960885569409,0.751629056591275,0.979619960717393,-0.0143694734640463,"Down"
25,7,1.31278428222445,16.8869398651196,-0.277975085155337,0.94800033333383,-0.0139967090409771,"Down"
26,7,1.31278428222445,4.73888589783135,1.12265421625967,2.03776077069248,-0.0262731160025912,"Down"
27,7,1.31278428222445,8.17981273958812,-1.17260886019801,1.38563879796278,0.0917531471925432,"Up"
28,7,1.31278428222445,13.9960949220544,-0.048876767973659,1.03977617057658,-0.0434808206825705,"Down"
29,7,1.31278428222445,19.3288970216724,-0.704140337217956,0.803033057016138,-0.0934581447576963,"Down"
30,7,1.31278428222445,14.4905837214239,0.680758638017183,1.42438323867735,-0.0959273652607764,"Down"
31,7,1.31278428222445,18.1209373601033,0.130006761402136,0.75593879365204,-0.031082032640534,"Down"
32,7,1.31278428222445,19.7950268889391,1.10970808177014,0.985684207578662,-0.0433431593307201,"Down"
33,7,1.31278428222445,23.3552741443147,2.05850086898135,1.2914630520083,0.0397765626476336,"Up"
34,7,1.31278428222445,15.2800836663748,0.140655531724984,0.88391565428822,-0.0295233459861211,"Down"
35,7,1.31278428222445,14.7400904690955,-0.534616652198382,0.895688173549405,-0.0200628522861906,"Down"
36,7,1.31278428222445,6.23381320428865,-0.823516726518704,1.14121415332288,-0.103727546718528,"Down"
37,7,1.31278428222445,15.4966379704391,-0.263033982230645,1.04272902601871,-0.0349870591216212,"Down"
38,7,1.31278428222445,12.1407497105222,-0.0696018363603779,0.927951524952679,-0.0338520029546706,"Down"
39,7,1.31278428222445,10.1299520859795,1.99180191472057,0.939119813987879,-0.0772590772474632,"Down"
40,7,1.31278428222445,14.1004688447623,-1.12910954273777,1.07817496848185,-0.0733466200549645,"Down"
1,8,1.57891812699479,20.0747158637183,-1.09321743652488,1.15029519440673,-0.0763385403578621,"Down"
2,8,1.57891812699479,5.03625755655709,-0.407966690317779,1.47444042478707,0.0181592936080877,"Up"
3,8,1.57891812699479,12.8636035639729,0.587559463498313,0.881817920347593,0.00872844237046764,"Up"
4,8,1.57891812699479,15.5831864179135,0.821111859737407,1.48438097780421,0.014656700864458,"Up"
5,8,1.57891812699479,10.5339621497252,-0.907934699241847,0.644316697756434,0.0435520688158985,"Up"
6,8,1.57891812699479,16.6695147124961,0.127038606349588,0.82404843458165,-0.0394125819113042,"Down"
7,8,1.57891812699479,17.0571496030787,-0.0428929778975765,0.666396423626367,0.0349506536817456,"Up"
8,8,1.57891812699479,14.83481920362,1.19520647042577,1.097277891283,-0.0300331595914873,"Down"
9,8,1.57891812699479,2.67050903119986,1.08919223650205,1.13457532079719,0.0452176113170878,"Up"
10,8,1.57891812699479,27.8572907293332,-0.312280694434521,0.663777931752126,-0.0927856387965452,"Down"
11,8,1.57891812699479,13.973503712659,0.0459937666619196,1.01446293223028,-0.0533416940616854,"Down"
12,8,1.57891812699479,18.2559664079384,0.652722613401543,0.760210521365514,0.0249751448428636,"Up"
13,8,1.57891812699479,16.3688324551827,-1.65349263659697,1.15969014902556,0.0482957670239884,"Up"
14,8,1.57891812699479,20.1233661740917,-0.310270965480046,0.62720982085123,-0.0288984523658926,"Down"
15,8,1.57891812699479,19.0882972318704,0.574872884002482,1.29617185686813,-0.0391321791816216,"Down"
16,8,1.57891812699479,13.9510341438575,-0.523232154380118,0.986765970410253,0.00482082224649864,"Up"
17,8,1.57891812699479,16.8908388610425,-0.0599182013481885,0.732873032654902,-0.0304029513178564,"Down"
18,8,1.57891812699479,10.2729558443805,-0.0210075354337069,0.975430239919361,-0.0212939843809162,"Down"
19,8,1.57891812699479,19.2846150544966,-0.723653214316312,0.923393223531647,-0.0170810588023647,"Down"
20,8,1.57891812699479,12.6948083055782,-0.994479836178391,0.896427004300424,0.0258484693795398,"Up"
21,8,1.57891812699479,27.0838667689411,-0.199867234998128,0.638135441465359,-0.0823764972787542,"Down"
22,8,1.57891812699479,6.74475552155906,-0.347027822807086,0.838984500225801,-0.044309959857367,"Down"
23,8,1.57891812699479,12.6800637851699,0.834095065661453,0.949330493190256,0.0122606849441716,"Up"
24,8,1.57891812699479,19.1268993137962,1.52988221249492,0.640839872485018,-0.122730222479368,"Down"
25,8,1.57891812699479,17.5506627343933,-0.0119223793666472,1.09494968840942,0.0397012776674258,"Up"
26,8,1.57891812699479,12.052594807425,0.398671992491547,1.50973617318676,-0.0536676446350001,"Down"
27,8,1.57891812699479,10.0160962889624,-0.0704153139057291,1.26443598374851,-0.0749651072909522,"Down"
28,8,1.57891812699479,15.7223785235535,0.601359843881131,0.786974142207564,-0.0116651050385851,"Down"
29,8,1.57891812699479,14.9284629341654,0.218495462278797,0.821141474091432,0.0895969940614525,"Up"
30,8,1.57891812699479,6.0485938136797,0.236595501860209,0.869612406524775,-0.0521423672455503,"Down"
31,8,1.57891812699479,15.1727553356693,1.112915127616,1.19933594519135,-0.092310280481156,"Down"
32,8,1.57891812699479,15.9511515784623,-0.987421149395455,0.988214142621809,-0.0367286020061617,"Down"
33,8,1.57891812699479,15.8736319849092,1.44786401312549,0.753130355841459,0.0435539784964396,"Up"
34,8,1.57891812699479,9.72491478698659,0.349112412179829,0.635339750398076,-0.0327106666074179,"Down"
35,8,1.57891812699479,17.3806663915131,0.180822010712195,1.18268721344839,0.00596489204432156,"Up"
36,8,1.57891812699479,21.8928506847962,-0.560241851130579,0.73111169372394,0.0284604572167904,"Up"
37,8,1.57891812699479,17.2811820158991,-0.163877591582529,1.1607932663853,-0.111698348146411,"Down"
38,8,1.57891812699479,9.32205764812828,0.373684804430444,1.02216331116337,0.010683476642285,"Up"
39,8,1.57891812699479,12.8217726515405,-2.06371425739842,1.2417619574614,-0.061637312496289,"Down"
40,8,1.57891812699479,16.730518097768,-0.601521948838092,1.38853807673302,-0.0318472193989304,"Down"
1,9,1.67436244492607,11.7647718434087,0.58599161230581,0.652471175102448,0.0930119847691543,"Up"
2,9,1.67436244492607,4.21176832492361,-0.294481786351775,1.35892112877499,-0.0102996483117569,"Down"
3,9,1.67436244492607,19.421254100141,-0.800527545484263,1.22917661149916,0.00876530043914873,"Up"
4,9,1.67436244492607,10.8526119418774,-0.63569453113499,0.911889492368371,-0.0762055030623486,"Down"
5,9,1.67436244492607,12.1321986461586,0.235749032414043,0.994092799852153,-0.000661309066050015,"Down"
6,9,1.67436244492607,22.5195030450227,-1.63483238484751,1.1577975258393,-0.0440544204384658,"Down"
7,9,1.67436244492607,11.129275351973,0.871229240582207,1.21914554827656,-0.0300027171283113,"Down"
8,9,1.67436244492607,19.2286577009465,-2.16893467443595,0.597971013751147,-0.010747254753993,"Down"
9,9,1.67436244492607,8.69658560590613,-0.503339522315559,1.54907363020807,-0.101555211572,"Down"
10,9,1.67436244492607,13.2272879846301,-0.787182478973487,0.65549235086384,0.0414577692327681,"Up"
11,9,1.67436244492607,14.6322199043176,-1.24860020954842,0.535609870869267,0.0829724669033949,"Up"
12,9,1.67436244492607,9.15674287787822,-1.07790734011295,1.33145431625077,-0.0515967033125867,"Down"
13,9,1.67436244492607,11.8262586754555,0.250077353605602,0.635414538633483,0.00469573581686996,"Up"
14,9,1.67436244492607,14.8557922353584,-0.11977403121588,0.93496803241371,0.0774185359928732,"Up"
15,9,1.67436244492607,18.3534798436696,-0.30085263245286,0.667671716469763,-0.0713284304793633,"Down"
16,9,1.67436244492607,6.74726728287445,-2.32076377558186,0.583695817202158,-0.0321781816797768,"Down"
17,9,1.67436244492607,13.2512288039437,-1.32432071149579,0.875785396857117,0.0836901207779542,"Up"
18,9,1.67436244492607,18.7820321927274,-0.131307112462703,1.21425850597971,-0.0737358204816409,"Down"
19,9,1.67436244492607,12.305954200112,-0.87803515301306,1.0994057582225,0.0186409125123605,"Up"
20,9,1.67436244492607,16.1364596083647,-0.796768930311008,0.82469459843645,-0.00595316055867489,"Down"
21,9,1.67436244492607,17.4611428503222,1.0495407129977,0.995284041098456,-0.0375778782405053,"Down"
22,9,1.67436244492607,16.3391750766584,0.175588348517341,0.970825494397481,-0.00607473145354424,"Down"
23,9,1.67436244492607,18.2662883973569,-1.04384462163877,0.992967498021875,-0.0489087471287761,"Down"
24,9,1.67436244492607,14.3864566951131,-0.468696015002214,0.874754950378544,0.0109593398351567,"Up"
25,9,1.67436244492607,12.9316174320394,-0.284903481550869,1.11436526168417,-0.0513328970954968,"Down"
26,9,1.67436244492607,1.78425523985511,-0.680295181235103,0.722664102500495,-0.110842041895989,"Down"
27,9,1.67436244492607,14.5352949076026,-0.964053610494564,1.11991772045885,0.0100779863741193,"Up"
28,9,1.67436244492607,17.1514234817999,-0.0518040820003942,0.903190024033106,0.0308949676621411,"Up"
29,9,1.67436244492607,17.6769942043408,0.741194719519762,0.904222719678633,-0.0155987510792552,"Down"
30,9,1.67436244492607,12.2236082434337,0.226852003567295,1.23582804611387,-0.0642499437656359,"Down"
31,9,1.67436244492607,23.8975145488757,-0.200147012715761,0.879614490382436,-0.0533922419619694,"Down"
32,9,1.67436244492607,16.4321220981441,0.387820244768823,0.744081225937286,-0.088336929946434,"Down"
33,9,1.67436244492607,15.6315792922944,0.793918367051497,0.697040682127465,-0.0889956280652157,"Down"
34,9,1.67436244492607,21.3613338973426,-0.140513958248364,1.22227004571558,0.028043890823518,"Up"
35,9,1.67436244492607,11.4076688934037,0.455805198945874,0.496592150160019,-0.122490771456369,"Down"
36,9,1.67436244492607,12.7483068803764,-1.14557290708596,0.882431007175379,-0.00254657170423897,"Down"
37,9,1.67436244492607,26.9872624002488,-0.249650688168871,1.055945861334,-0.0503570766639161,"Down"
38,9,1.67436244492607,15.0556459361044,-0.420298275494042,0.662001059597755,-0.0928944523554618,"Down"
39,9,1.67436244492607,23.1678421070415,0.195664503560041,1.00209107086278,-0.0384663318913791,"Down"
40,9,1.67436244492607,7.80746677542738,0.357319513842984,1.22271281092136,-0.0296206846650959,"Down"
1,10,1.21378485913235,14.0474159897855,-0.123617978997338,0.578493148376492,0.0404595746845454,"Up"
2,10,1.21378485913235,16.8921195181842,-0.766214222789801,0.766313297986617,0.0949170533161969,"Up"
3,10,1.21378485913235,16.500192726029,-0.929714216784719,1.69668904805469,0.0634358605014096,"Up"
4,10,1.21378485913235,9.97181870244582,0.278520610602079,0.821693909256103,0.0652507329842283,"Up"
5,10,1.21378485913235,15.0962963731269,1.35683685227542,0.748392027040572,0.0692621878883912,"Up"
6,10,1.21378485913235,9.61289673444009,-0.787135594929695,0.77312420160221,0.0241847005774319,"Up"
7,10,1.21378485913235,18.5635166262214,-0.384798672297195,0.877835711257864,-0.0463535395648478,"Down"
8,10,1.21378485913235,20.4238754493032,0.330680560251943,1.05736077230505,-0.0118793907234613,"Down"
9,10,1.21378485913235,3.87506151756294,-0.55462045006283,0.809692947718158,-0.095164744749421,"Down"
10,10,1.21378485913235,21.1784673115007,0.121572314820453,1.06238446783641,-0.0608962043553257,"Down"
11,10,1.21378485913235,8.79477751595754,-0.0475961169783602,1.23440099013217,-0.0620618640195116,"Down"
12,10,1.21378485913235,17.2738463449132,-0.776251590566683,1.10611563897083,-0.0804256930698487,"Down"
13,10,1.21378485913235,18.299513190713,0.831441251138312,1.25225723443574,0.0536592737529352,"Up"
14,10,1.21378485913235,14.0005508594928,0.84630783722297,0.786419667789573,0.0107693368830976,"Up"
15,10,1.21378485913235,11.774430215701,1.0241395066572,0.963847282158236,0.000594874534581668,"Up"
16,10,1.21378485913235,15.8266051062103,1.26799658618238,1.2205316926462,-0.0138679059011262,"Down"
17,10,1.21378485913235,17.1940935035723,-0.506361787922575,1.01662403163021,0.0252098597992773,"Up"
18,10,1.21378485913235,19.4165140997435,-0.464481896508305,1.06588827243524,0.0194087662747786,"Up"
19,10,1.21378485913235,4.73831508049024,0.26121800049174,1.01537520462554,-0.0597397102087783,"Down"
20,10,1.21378485913235,6.81810365970488,0.630080976551625,1.05640861366721,-0.113388638994952,"Down"
21,10,1.21378485913235,22.1520117059409,-0.339626156224904,0.992625447927309,-0.0839453829595507,"Down"
22,10,1.21378485913235,20.2331442355577,-0.423344808400481,0.719055093183272,-0.0489528412737582,"Down"
23,10,1.21378485913235,17.1764447445384,-0.618271527554652,1.05358622729892,-0.0249873747023648,"Down"
24,10,1.21378485913235,18.5758920355553,1.48220189072674,0.872310346270502,0.0627506765894536,"Up"
25,10,1.21378485913235,19.585874588205,-2.50816635204148,1.53838575947868,-0.00635950131405971,"Down"
26,10,1.21378485913235,1.69538600767159,-0.16757803378388,0.853101240564953,0.018744559752148,"Up"
27,10,1.21378485913235,20.5513854831941,0.0382128770535341,1.04670320389379,0.0183013830484553,"Up"
28,10,1.21378485913235,12.5750620171884,-1.05960960299357,0.553231689289358,-0.0311532827452597,"Down"
29,10,1.21378485913235,16.153084153156,0.385425894820638,0.820645848829479,-0.0716319769242762,"Down"
30,10,1.21378485913235,13.5242109955821,-1.96708768381011,0.779941942575059,-0.0757871057128623,"Down"
31,10,1.21378485913235,19.3598247703937,0.954968861111918,1.44702693654753,-0.0849075508240889,"Down"
32,10,1.21378485913235,13.2576377552219,-1.6633605848706,0.955686082652656,-0.0939673296771852,"Down"
33,10,1.21378485913235,17.5925188294412,-2.20273488009703,1.04444629359028,-0.110340523307337,"Down"
34,10,1.21378485913235,13.0465751068051,-0.763563825792029,1.09427175010456,0.0188323964481832,"Up"
35,10,1.21378485913235,9.53606395449247,0.162080393912321,0.85271198005421,-0.0774160924585785,"Down"
36,10,1.21378485913235,21.0500525522013,-0.651567164764164,1.09440905578057,0.00429667832083745,"Up"
37,10,1.21378485913235,18.7045000563714,-0.559286995277619,1.57143185322368,0.0911507622419774,"Up"
38,10,1.21378485913235,23.6213111957823,0.333204975057779,1.2033361362734,-0.031895211116095,"Down"
39,10,1.21378485913235,15.3257696628965,-1.05890092148845,1.23901909910164,-0.036299983737433,"Down"
40,10,1.21378485913235,20.6250137291409,-0.0858495457604726,0.778522919363759,0.019476879191529,"Up"
1,11,0.632538165621393,24.8770952700954,0.497932992929395,1.05518305295095,-0.0161243652120027,"Down"
2,11,0.632538165621393,13.5925894248052,1.63398965670861,1.09199241465788,-0.0423341258954679,"Down"
3,11,0.632538165621393,8.38524443622392,0.479451881240197,0.821576281851562,-0.0794228378245108,"Down"
4,11,0.632538165621393,13.8032421643094,1.71476299216676,1.03585395570223,0.00103578499422361,"Up"
5,11,0.632538165621393,13.9297938000731,0.453160033529716,1.80770561855932,-0.0341512753638274,"Down"
6,11,0.632538165621393,15.7584025225466,-0.00324112682536025,0.746499770387434,0.00547718443354158,"Up"
7,11,0.632538165621393,23.5615248865964,-2.25653485624939,1.18043651184251,-0.0175493818602047,"Down"
8,11,0.632538165621393,13.3692805374733,-1.22465855193064,0.724592146534645,0.0444311903151395,"Up"
9,11,0.632538165621393,16.8650232790246,-0.318962623738223,1.11137615952589,0.0128030229309473,"Up"
10,11,0.632538165621393,13.8615796755223,0.712270455853783,0.731580927248697,0.0477610119767237,"Up"
11,11,0.632538165621393,15.1022535426252,-0.32251357317817,1.19375684342186,-0.0132051575709034,"Down"
12,11,0.632538165621393,16.5702883175313,0.543648621254837,0.683497712451338,0.0297373343686847,"Up"
13,11,0.632538165621393,21.6410734801849,-1.06381135183874,1.00616220817687,-0.035742742796559,"Down"
14,11,0.632538165621393,15.6065918874539,-0.274129717350557,1.4954017167929,-0.0248854454833166,"Down"
15,11,0.632538165621393,18.5642116001556,0.21700603247715,0.935436301198266,-0.0105858556192292,"Down"
16,11,0.632538165621393,18.8943001489177,-0.359385718165611,0.968584764770127,-0.0734897664141295,"Down"
17,11,0.632538165621393,19.5738663542782,0.11283169498315,1.52387600672359,-0.0768049142777281,"Down"
18,11,0.632538165621393,12.1280272390781,-0.670748026053257,1.84206820705122,-0.033418278350536,"Down"
19,11,0.632538165621393,23.1344060709734,0.374345223259504,2.10629721990242,-0.0876279443537734,"Down"
20,11,0.632538165621393,13.0952163035299,-0.0810548925112574,0.888618208623515,-0.00904290452454568,"Down"
21,11,0.632538165621393,14.4710791617512,-0.0470493466531285,0.728665152292005,0.0260623902194022,"Up"
22,11,0.632538165621393,22.0202513385709,-1.94878708644615,1.21573192487823,-0.0733799748549489,"Down"
23,11,0.632538165621393,21.4704195307279,-0.673668581278741,1.13960149246152,-0.0186353110049777,"Down"
24,11,0.632538165621393,9.55004063794381,-1.48964408489825,1.47044116838072,-0.0990732594476839,"Down"
25,11,0.632538165621393,10.6346449979127,-1.6057180576203,1.04609481861418,0.0244380486449854,"Up"
26,11,0.632538165621393,8.20960470314693,-0.493883100845236,1.0494285813903,-0.0325301044211493,"Down"
27,11,0.632538165621393,15.9092359630992,-0.160798367745603,1.57479891377027,0.0597224665375356,"Up"
28,11,0.632538165621393,15.8242043395923,0.283600225800619,1.04979743970514,-0.0109625851133459,"Down"
29,11,0.632538165621393,16.8205734367753,1.09126265030032,1.22712070881611,0.0840327108431111,"Up"
30,11,0.632538165621393,17.7607885710928,0.444400296922585,1.15645034189316,0.0036681383696479,"Up"
31,11,0.632538165621393,11.9905357700749,1.01207034075848,0.986747028230956,-0.0165059116866465,"Down"
32,11,0.632538165621393,10.0315070445064,-0.526310287634533,0.851766075631457,0.035403871418703,"Up"
33,11,0.632538165621393,20.1339252803745,-0.307840173188787,0.903694107007331,0.0084640846786911,"Up"
34,11,0.632538165621393,18.7553065130316,1.08516888442625,0.557352106625128,-0.0362071938388543,"Down"
35,11,0.632538165621393,7.4541673133565,0.00120718393810378,1.46746512121139,0.022877765493446,"Up"
36,11,0.632538165621393,14.5242627457536,-1.68024471568337,0.619691659050088,0.00808774702228476,"Up"
37,11,0.632538165621393,10.5202608862175,-0.846555519092125,0.837603747793373,0.00135785706474466,"Up"
38,11,0.632538165621393,4.64624464729018,1.00759205983273,0.894849873647004,-0.021751205949682,"Down"
39,11,0.632538165621393,15.7506006559407,-0.61073725767746,1.4357085738176,-0.0216727926409583,"Down"
40,11,0.632538165621393,14.6039414537071,0.333444132777122,1.01750668798827,0.031741833628389,"Up"
1,12,0.102578029921326,14.5131536624346,0.0142226956806451,1.32746032517436,0.0468337480214844,"Up"
2,12,0.102578029921326,16.0807627090062,-0.496357607349662,0.915514062206125,0.00262730306595245,"Up"
3,12,0.102578029921326,19.4123258219829,-0.350786392406381,1.65104848991182,-0.0545412687440219,"Down"
4,12,0.102578029921326,16.0279875224169,0.391720547858095,1.15731115600355,0.0302893700485336,"Up"
5,12,0.102578029921326,11.9178207856324,0.209578828892245,1.17843615274018,0.000602359709541271,"Up"
6,12,0.102578029921326,11.3260037403936,1.23467013989917,1.30116406079757,0.0561180925113833,"Up"
7,12,0.102578029921326,14.3409860347941,-0.199819784434937,0.641035990751987,-0.089314467901589,"Down"
8,12,0.102578029921326,16.5500849328948,-0.923208042026682,0.996847775006383,-0.0523867657503506,"Down"
9,12,0.102578029921326,9.80159823648979,0.165903101579443,1.0664413607856,0.0205489383609862,"Up"
10,12,0.102578029921326,14.0784556557881,0.70533455324418,0.794518685671421,-0.0716609417648677,"Down"
11,12,0.102578029921326,19.8363363008396,2.28196695572699,1.00365782957919,0.1401587297353,"Up"
12,12,0.102578029921326,14.4585995438276,-0.463683013103734,0.80541138143771,-0.0537919938788103,"Down"
13,12,0.102578029921326,11.507896662028,-0.326353571908267,1.06814577952314,0.0126371835768537,"Up"
14,12,0.102578029921326,13.6202741578723,0.882493210397949,0.5854066957017,-0.0887484568417026,"Down"
15,12,0.102578029921326,20.5732427268099,1.28128612650446,1.08906864472059,0.10650707433583,"Up"
16,12,0.102578029921326,17.7502198060707,-0.658681856604975,0.826230037840911,0.0225603521271616,"Up"
17,12,0.102578029921326,21.183379000408,0.664570454944413,1.32551620099178,-0.033858096511401,"Down"
18,12,0.102578029921326,15.6954892858089,-0.565157514042339,0.553256722363061,0.00125515118755318,"Up"
19,12,0.102578029921326,17.0513754824521,-0.962178270242238,1.01283567183308,-0.0511689296798918,"Down"
20,12,0.102578029921326,12.2077154382593,0.623360901900257,0.935875435830116,-0.0900128776324125,"Down"
21,12,0.102578029921326,18.0268533446517,0.106497772201071,1.32598699488763,-0.0647224491312371,"Down"
22,12,0.102578029921326,12.4683322890538,0.38933087814222,0.62250517797618,-0.0504931027190058,"Down"
23,12,0.102578029921326,7.89717247652128,-0.580503496721951,0.848216554839026,0.0477031414363245,"Up"
24,12,0.102578029921326,15.6399648284206,1.79497795592676,1.23807586813596,0.0243223891810562,"Up"
25,12,0.102578029921326,24.7292560886572,0.665288009047707,1.20185006065378,-0.0278488702034181,"Down"
26,12,0.102578029921326,19.0045716978653,-0.374402425652033,1.11282322510455,-0.0259125630562472,"Down"
27,12,0.102578029921326,20.8262669497313,0.702748931010458,1.09042888592964,0.0462926220025733,"Up"
28,12,0.102578029921326,16.7942786154658,-1.21451438389368,0.606189573540687,-0.0664531199198421,"Down"
29,12,0.102578029921326,11.9572141084189,-0.137750126949227,1.29087290380676,0.0207532526228993,"Up"
30,12,0.102578029921326,13.9887957244486,1.40335789868052,1.06687393789281,-0.0470531696590137,"Down"
31,12,0.102578029921326,13.6337594659404,-0.188839311604344,0.580182757701895,0.0270600043309299,"Up"
32,12,0.102578029921326,12.6565011010896,0.910490371995549,0.949295262101803,0.0603229841176068,"Up"
33,12,0.102578029921326,18.5208364196486,-0.221922000189912,1.33126594568286,-0.0342969885846597,"Down"
34,12,0.102578029921326,9.01318248817294,-2.29802640030622,1.23508065463386,0.00195211137673082,"Up"
35,12,0.102578029921326,19.3318306605639,-0.880212545566096,0.827467468809356,-0.125972567252331,"Down"
36,12,0.102578029921326,19.3207624311295,0.22273568903497,1.31295133474373,0.00614869287263032,"Up"
37,12,0.102578029921326,9.00688820465626,1.44655271093401,0.887728791407679,0.0179952988797864,"Up"
38,12,0.102578029921326,18.1974599895027,-0.593402125000833,1.12141097287262,0.00717366996150084,"Up"
39,12,0.102578029921326,27.1511332617225,0.275979011382551,1.32122562599044,0.0479438958921492,"Up"
40,12,0.102578029921326,12.213922590292,-0.964819289479567,1.12431372425295,-0.0616270137440324,"Down"
1,13,-0.595368048464582,19.2245212070404,-1.0164562413338,0.822167803191439,0.0564895792856003,"Up"
2,13,-0.595368048464582,11.088990771903,-0.777316643416822,1.27889280823763,-0.0537374468974678,"Down"
3,13,-0.595368048464582,20.553557091014,1.36906206733358,1.55772905353269,-0.0829170560303969,"Down"
4,13,-0.595368048464582,16.2491235996328,0.940310089910901,0.756722304170075,0.113878060543855,"Up"
5,13,-0.595368048464582,23.2595769581158,0.5936651573177,0.946808617231965,0.0351401361960375,"Up"
6,13,-0.595368048464582,7.70514635731542,1.11546255343648,1.35134114695528,0.0450354602407209,"Up"
7,13,-0.595368048464582,14.7435105693732,-0.424424996733506,0.774453572197398,0.0275216669641281,"Up"
8,13,-0.595368048464582,12.365374119372,0.759576936893122,0.597015178739204,-0.00606462065857803,"Down"
9,13,-0.595368048464582,14.0136756546185,0.209629277871549,0.862077840155027,0.0503157207547575,"Up"
10,13,-0.595368048464582,11.85210628657,-1.04910092481282,1.37705468656297,0.063962508256196,"Up"
11,13,-0.595368048464582,10.830782097325,-0.831062222281743,0.664610389931591,-0.0827786790763108,"Down"
12,13,-0.595368048464582,17.8936118730822,0.0500529319191458,0.928215689492404,-0.0599111961047601,"Down"
13,13,-0.595368048464582,9.56209642961537,0.205630061496544,1.33452980449819,-0.035436266990243,"Down"
14,13,-0.595368048464582,22.4201546577814,-0.321358418660978,1.01417780133473,0.0153206942197436,"Up"
15,13,-0.595368048464582,9.06896707343125,-0.996491243786537,1.18539460161641,-0.123230822459101,"Down"
16,13,-0.595368048464582,15.5053957569764,-2.09089194048916,1.62774243892327,-0.0239207883658986,"Down"
17,13,-0.595368048464582,17.6649464341324,0.425235479441099,1.3102675636736,-0.0737239607540069,"Down"
18,13,-0.595368048464582,17.9336766954631,-0.295271709137097,1.1940575288687,-0.0226391205297522,"Down"
19,13,-0.595368048464582,13.4912666806681,0.54916088318128,1.15869679670211,-0.0788147781521054,"Down"
20,13,-0.595368048464582,15.397509976642,-1.54589181325016,0.706434366207962,0.0476290595403938,"Up"
21,13,-0.595368048464582,19.8063207590484,-1.25333593531244,1.28628609250881,-0.0298631906963932,"Down"
22,13,-0.595368048464582,7.71767041461787,-0.111331874671968,1.17660360406473,-0.00988987923716739,"Down"
23,13,-0.595368048464582,11.0913014423396,-1.4128135356317,1.1287222269204,0.0653875939422002,"Up"
24,13,-0.595368048464582,16.6020115715831,-1.98295385072071,1.01730818351448,-0.0578602084688785,"Down"
25,13,-0.595368048464582,12.776090108315,0.783595407833566,0.682963156204312,-0.0731491396551282,"Down"
26,13,-0.595368048464582,21.850019969855,0.900869339749533,1.04715621746178,-0.0344436614600748,"Down"
27,13,-0.595368048464582,18.3662693167742,-1.0299636420045,1.45715634645814,-0.0471230179102746,"Down"
28,13,-0.595368048464582,15.3608337620738,-0.272057268566593,0.832340316153278,0.0140301534565395,"Up"
29,13,-0.595368048464582,7.4612134123166,-1.13397290517125,0.58259980204058,-0.0207889355485266,"Down"
30,13,-0.595368048464582,15.1305011266312,0.316426916752984,1.73569578366191,-0.0722310062926802,"Down"
31,13,-0.595368048464582,13.417920659015,-0.0296783010019916,0.844269619484042,-0.0104790993696624,"Down"
32,13,-0.595368048464582,14.488267432397,-0.869460450959366,1.40791090804228,0.0219531180890186,"Up"
33,13,-0.595368048464582,9.09220386472157,-0.774217543896185,1.20588777828284,-0.0719112867136504,"Down"
34,13,-0.595368048464582,17.4932902191496,-1.0620811934282,1.64430997819454,0.039344014989425,"Up"
35,13,-0.595368048464582,9.80521779846483,0.436374262192543,0.987452212913427,0.0380514385966063,"Up"
36,13,-0.595368048464582,13.868890092788,0.571008847814101,0.913809312949754,0.0770285898967791,"Up"
37,13,-0.595368048464582,16.9071291472568,0.376474894415886,1.6814851045778,-0.0183062380394199,"Down"
38,13,-0.595368048464582,11.0824210549348,-0.842889697415977,1.90972441635925,0.0137743475937555,"Up"
39,13,-0.595368048464582,17.9149570284003,-1.78616962823527,1.10027006587827,-0.0577894888222432,"Down"
40,13,-0.595368048464582,8.41744799174154,0.530875663154472,1.05227460714186,-0.00916280657850519,"Down"
1,14,-0.729299755044436,1,-0.177058947394319,1.24945174298585,-0.0493618633663813,"Down"
2,14,-0.729299755044436,17.3248399539293,-0.0393923499714967,0.81729023114707,0.0522660991289553,"Up"
3,14,-0.729299755044436,19.202699134805,1.03212798487339,1.16107679456324,-0.0729304670038127,"Down"
4,14,-0.729299755044436,13.5707728820431,-0.8935158344016,0.743130507241662,0.0257517181548034,"Up"
5,14,-0.729299755044436,17.520631272958,1.14401532568501,0.914622484285557,-0.0288626912951279,"Down"
6,14,-0.729299755044436,9.22041737458164,-0.413191495212929,1.26929935613188,-0.0538099622309368,"Down"
7,14,-0.729299755044436,14.3642569658717,-0.713187821756013,0.795419187789667,0.0687232130387816,"Up"
8,14,-0.729299755044436,5.29240811979691,-0.205746143817567,1.29079484441796,0.00670787925577713,"Up"
9,14,-0.729299755044436,20.9059044571926,0.390019728842846,1.16259400288371,0.0116110846351208,"Up"
10,14,-0.729299755044436,24.2995543077158,-0.207215645255724,1.53744624987234,-0.00101954703838891,"Down"
11,14,-0.729299755044436,20.37006130141,-0.900507220547859,1.9149641403786,0.018540942173211,"Up"
12,14,-0.729299755044436,14.8632651679313,-0.281624278790779,0.841463427589175,0.0717209379411516,"Up"
13,14,-0.729299755044436,14.8333482886204,-2.54193110113798,1.12433488757864,-0.0130392788374891,"Down"
14,14,-0.729299755044436,7.4196618842445,-0.508511681872445,1.59615742970457,0.0591273075790832,"Up"
15,14,-0.729299755044436,18.9519267194411,0.455966217539027,1.06153251016326,-0.121044165290986,"Down"
16,14,-0.729299755044436,13.9463290965411,-0.169259774532087,0.821893955302607,0.0305609006723533,"Up"
17,14,-0.729299755044436,11.7162853731946,0.688327722261226,0.741358294932624,0.0263961430330635,"Up"
18,14,-0.729299755044436,7.93987103670846,0.48598243397446,1.52216443286026,0.0130329931189259,"Up"
19,14,-0.729299755044436,13.5011875167686,0.645646746355588,2.18113964187356,0.00775909560626139,"Up"
20,14,-0.729299755044436,10.7546943249165,0.656044945025482,0.730380180717437,-0.0174146404069621,"Down"
21,14,-0.729299755044436,13.0148473983608,-1.73858076137427,1.03371715192773,-0.0415656636762363,"Down"
22,14,-0.729299755044436,8.91200006118201,0.00415968001844305,0.624739357838478,0.0572860542256654,"Up"
23,14,-0.729299755044436,23.4379474147285,1.63006733460683,1.02112132519661,-0.00767685882562895,"Down"
24,14,-0.729299755044436,14.9199873639602,-0.480485227044419,0.911964733169581,0.0556922022524398,"Up"
25,14,-0.729299755044436,20.3747253863619,0.452802442420564,0.996390543927881,-0.0234797987910019,"Down"
26,14,-0.729299755044436,1.99150164871174,0.143393730979936,2.38322906288288,-0.0480837580338828,"Down"
27,14,-0.729299755044436,12.7340108500258,0.557012225188023,0.657306967531763,0.0765549594152124,"Up"
28,14,-0.729299755044436,11.6225885420396,-0.272030117170514,1.13841167175449,-0.00618954821318058,"Down"
29,14,-0.729299755044436,8.88536910317043,-0.648299296516002,1.73290174910236,0.0572472872787016,"Up"
30,14,-0.729299755044436,22.7330457711205,0.071960844365645,0.832512732437929,-0.0686336551420892,"Down"
31,14,-0.729299755044436,7.92359040115255,0.207814830703413,0.782076424284419,0.0217021992279974,"Up"
32,14,-0.729299755044436,16.5919513020401,-0.185332289683865,1.01459836850756,-0.0182699761540128,"Down"
33,14,-0.729299755044436,19.2321814278985,0.0314406650264462,1.47722512294023,0.0905369215152347,"Up"
34,14,-0.729299755044436,15.8909509420901,0.411351933690778,0.902183401374551,0.0669848616511504,"Up"
35,14,-0.729299755044436,10.6237226125224,-0.776183890462463,0.735108345908629,0.0249304306910963,"Up"
36,14,-0.729299755044436,19.7058290336208,1.13967765719806,1.0213901203585,-0.0251395844946037,"Down"
37,14,-0.729299755044436,15.8529404092042,2.20076027074659,0.545885637429583,0.0622396512226981,"Up"
38,14,-0.729299755044436,9.68251046808978,1.47720532873484,0.642340632169767,0.0470833869068262,"Up"
39,14,-0.729299755044436,8.05975476198969,-0.454417850707568,1.38533063866648,-0.0737653756420072,"Down"
40,14,-0.729299755044436,25.4335871724657,-1.82288726903245,1.14756771526162,0.039285663798619,"Up"
1,15,-1.75844638710436,11.6074842729078,0.0541979571095952,0.520899096365237,0.0550751549683386,"Up"
2,15,-1.75844638710436,5.7221417304098,0.88027322060407,1.20356125841629,0.00879161111898704,"Up"
3,15,-1.75844638710436,17.6662968137683,0.778106697935667,0.500855017635439,0.129783948234774,"Up"
4,15,-1.75844638710436,16.5511512803045,-1.22974677471174,0.874510818480137,0.0494789247487592,"Up"
5,15,-1.75844638710436,8.23082832138701,-1.11314851074341,1.09400711002519,-0.020271264845696,"Down"
6,15,-1.75844638710436,5.28521793209025,0.133744634877637,0.651457983774415,0.0615269687311393,"Up"
7,15,-1.75844638710436,14.418487414207,0.626081345376854,1.46264910228827,0.0331131802410064,"Up"
8,15,-1.75844638710436,20.6969814585471,0.872931663855459,1.43958047881208,-0.00108317940915229,"Down"
9,15,-1.75844638710436,18.1806201759107,0.816391978938957,0.816721781111898,-0.153530342607481,"Down"
10,15,-1.75844638710436,12.5353128791901,-0.967975491966489,1.39976809009098,-0.0176166895005313,"Down"
11,15,-1.75844638710436,10.8290588420781,-1.31260505619999,1.06073804315306,0.00447021847800294,"Up"
12,15,-1.75844638710436,16.3553337837527,-2.01251977795928,1.21535225501966,0.0327062574572452,"Up"
13,15,-1.75844638710436,15.7867667360808,0.504932697727817,1.22299315081016,0.0294849645733596,"Up"
14,15,-1.75844638710436,18.1485587334636,0.828111565769426,0.680282361472482,0.0212704337329263,"Up"
15,15,-1.75844638710436,13.0210102485555,0.335850688825044,0.544529655242528,0.0889626305075894,"Up"
16,15,-1.75844638710436,19.4967702660155,-1.05912444601131,1.93788625406124,-0.0070893321131403,"Down"
17,15,-1.75844638710436,10.8459423633188,1.56771674994935,1.07188306867789,-0.0322754274506213,"Down"
18,15,-1.75844638710436,13.3472764994002,-0.370146624363391,1.11928789835316,-0.0173902696627154,"Down"
19,15,-1.75844638710436,18.7040726186295,1.77903836149569,0.699149588904009,0.00616532009605714,"Up"
20,15,-1.75844638710436,19.9498580431356,0.551402005080575,1.40461740001199,-0.0226305533431708,"Down"
21,15,-1.75844638710436,5.3074764927331,1.19031064508552,1.73645041544274,-0.074100416024618,"Down"
22,15,-1.75844638710436,15.5359520350808,0.330602226294406,1.5814798638391,0.0399636298592854,"Up"
23,15,-1.75844638710436,18.0438950586732,-0.0646522280998777,0.544935354567181,0.0444657091791582,"Up"
24,15,-1.75844638710436,7.74587843254684,-1.01254806837321,0.731869983043468,-0.0298607866822244,"Down"
25,15,-1.75844638710436,17.4031279993761,-0.558514190191359,1.02977206386902,0.0270237734879176,"Up"
26,15,-1.75844638710436,10.859128648016,-0.0471078362764253,1.23250938291155,-0.00529045200004568,"Down"
27,15,-1.75844638710436,20.1012650608221,0.282074067985043,0.849449696552036,-0.00923183537753456,"Down"
28,15,-1.75844638710436,17.6924101605132,-0.0332192123310964,0.77293154600549,0.0389682584689592,"Up"
29,15,-1.75844638710436,18.845261474978,-0.177971989093417,1.0713674046894,0.0237415377906963,"Up"
30,15,-1.75844638710436,15.6035966464352,0.183485516942061,0.753675823689406,-0.0182454467901567,"Down"
31,15,-1.75844638710436,19.3182421707888,-0.524372042597516,1.84605566613978,-0.0375758682053752,"Down"
32,15,-1.75844638710436,21.9025726415727,-0.53593745633951,0.578308034868124,0.0276168450638012,"Up"
33,15,-1.75844638710436,24.8312400772782,-1.45570470165602,1.16490281416467,-0.0573655660819943,"Down"
34,15,-1.75844638710436,14.8580247262547,0.846271470268007,0.549416670862995,-0.0195943117968851,"Down"
35,15,-1.75844638710436,3.75474454833798,0.046932368001524,0.862175118571296,0.0837954080254898,"Up"
36,15,-1.75844638710436,15.15763002297,-0.0836242334273476,1.56096026324332,0.0159129560964017,"Up"
37,15,-1.75844638710436,16.0278060422499,-0.740918614774917,1.40008167232749,-0.018261776534068,"Down"
38,15,-1.75844638710436,14.223273264278,-0.247773863902407,0.657074288606062,-0.0498002053062453,"Down"
39,15,-1.75844638710436,17.8414431038854,-1.0867828557013,0.642216752929226,0.0385082766065532,"Up"
40,15,-1.75844638710436,20.0533898225713,-1.04929735235275,1.01758457158988,-0.0304576058943546,"Down"
1,16,0.412600229917085,12.4100878491609,-1.9189517717066,0.751343011640888,-0.0172623550300543,"Down"
2,16,0.412600229917085,13.5295233642194,0.981698772648436,1.12945027770632,0.0535996945833538,"Up"
3,16,0.412600229917085,16.9892110440017,0.125964082145297,0.744396433622,-0.0226304744867939,"Down"
4,16,0.412600229917085,12.2488812925543,-1.11677637555443,0.616907056127487,0.0345974355537982,"Up"
5,16,0.412600229917085,15.4563369174412,1.1637866037459,0.878929463895901,-0.0623884285559633,"Down"
6,16,0.412600229917085,5.19146200557349,0.624591683369118,0.692627328578417,-0.0919856565853175,"Down"
7,16,0.412600229917085,9.40050139301188,0.742382274584664,1.38540510325535,0.0101597790718886,"Up"
8,16,0.412600229917085,8.36122262197937,-0.225770566942818,0.904437863013775,0.0488849287732511,"Up"
9,16,0.412600229917085,10.7318815163638,-0.422872006585657,0.988711982037967,-0.0392508309813436,"Down"
10,16,0.412600229917085,11.5334773603467,-0.0980529020064929,1.51312552998356,-0.0251106614191548,"Down"
11,16,0.412600229917085,16.9115257127319,0.404690656237582,1.74603302643953,0.0343509603363373,"Up"
12,16,0.412600229917085,19.9105650126132,0.799914606641116,0.984240436890914,-0.0319897735776192,"Down"
13,16,0.412600229917085,11.3630823545623,1.58946914995693,1.10517186878165,-0.0573558399800758,"Down"
14,16,0.412600229917085,10.01580508811,-0.509070404137271,1.48101743047328,-0.0554370243532678,"Down"
15,16,0.412600229917085,9.79155570505245,-1.01556474815148,0.949007408794305,-0.0246837095977376,"Down"
16,16,0.412600229917085,12.9270563681816,0.100858665610429,0.731185741234526,-0.0875948698930639,"Down"
17,16,0.412600229917085,13.8048546592372,3.02210418529039,1.34751224350456,0.0462273086501635,"Up"
18,16,0.412600229917085,17.4180876691913,-0.428615845083704,0.632933218825662,0.0137689063419585,"Up"
19,16,0.412600229917085,13.393375789158,1.14568121778476,0.929065591037679,0.0376641367031453,"Up"
20,16,0.412600229917085,4.60755365569988,-0.243098209585093,0.886347207270931,0.0680766512713351,"Up"
21,16,0.412600229917085,14.5428286222493,-0.478543237763877,0.854855097590647,0.034849187868494,"Up"
22,16,0.412600229917085,20.9359340532578,-0.710417122207556,0.43776080449124,0.0547615444066538,"Up"
23,16,0.412600229917085,20.9580063425516,-0.211244627717603,0.838559221201248,-0.0329664656826102,"Down"
24,16,0.412600229917085,11.0551839094438,1.64178447087543,1.46212941888333,0.0564017806583822,"Up"
25,16,0.412600229917085,7.26111728181215,0.301846720563439,0.868783608759133,-0.074462597451654,"Down"
26,16,0.412600229917085,27.2903024593264,0.487329123215285,0.830511954607339,0.0168953896716827,"Up"
27,16,0.412600229917085,14.1878902876029,0.838735792432261,0.818860249826366,0.0764905387906785,"Up"
28,16,0.412600229917085,14.5127437494719,2.071741512886,0.769186521547447,0.103831974804093,"Up"
29,16,0.412600229917085,17.1028709434907,0.775618842079531,1.04478018201646,0.00614480010026098,"Up"
30,16,0.412600229917085,6.9298027169044,-1.42711135295193,1.19462725046307,0.0203757197264601,"Up"
31,16,0.412600229917085,11.3589044440436,-1.03351133546615,1.54436330491131,-0.0718903084994167,"Down"
32,16,0.412600229917085,7.29778797354995,-1.58945511359183,0.625110161390698,-0.0945200693704471,"Down"
33,16,0.412600229917085,11.534526929947,-2.84854676989379,1.12592621506065,-0.028699988897753,"Down"
34,16,0.412600229917085,15.5942471650228,1.29073392779261,0.955070434336634,0.0101156016624902,"Up"
35,16,0.412600229917085,8.17645271006544,-0.493723874282408,1.08935503006507,-0.0191601873170431,"Down"
36,16,0.412600229917085,17.9499133968366,0.394970677706016,0.733802631802686,-0.0505232409640327,"Down"
37,16,0.412600229917085,16.4467201440867,1.18161785314391,1.01374705894921,-0.066753245811606,"Down"
38,16,0.412600229917085,10.4789248718968,-0.511832694580471,0.707452962240033,0.034258735312003,"Up"
39,16,0.412600229917085,16.1316247119053,-0.134967648662221,1.21885389017369,0.0364728296495662,"Up"
40,16,0.412600229917085,18.7404058124692,0.350256179524455,0.752874339426979,-0.0189832732134909,"Down"
1,17,1.31156027645557,20.3054762663087,0.225879221817625,1.01924706543379,0.0621337225362673,"Up"
2,17,1.31156027645557,13.9357586067674,-0.774315249588103,0.528258356667964,-0.023626163961501,"Down"
3,17,1.31156027645557,14.5318160304448,0.730815610006591,1.10306212056562,0.032106379933773,"Up"
4,17,1.31156027645557,14.5664293250904,0.545635528242466,1.39419455599468,-0.0520269283498372,"Down"
5,17,1.31156027645557,22.2073087802752,-0.288449295921491,1.25840980331463,0.00404226486263984,"Up"
6,17,1.31156027645557,20.62535946139,-1.222380910859,1.37177002459112,0.0015640567545538,"Up"
7,17,1.31156027645557,19.1720078387852,0.633333595568586,0.665788757597699,-0.00383201754953259,"Down"
8,17,1.31156027645557,13.5632960007965,1.427519655915,0.950477854636079,0.0426708083075056,"Up"
9,17,1.31156027645557,16.866207170832,1.38051749338936,0.979306807970236,-0.020207692600312,"Down"
10,17,1.31156027645557,17.0164516561035,0.872634566795338,1.24117522715686,-0.117472641964041,"Down"
11,17,1.31156027645557,9.79163352855339,-0.483135068652272,0.950911231598071,-0.0386696513105209,"Down"
12,17,1.31156027645557,6.35847742339629,-0.531346919490549,0.940838599024658,0.0172346796160877,"Up"
13,17,1.31156027645557,18.2091501382581,-0.587684756585901,1.65440011531459,-0.120939402122119,"Down"
14,17,1.31156027645557,7.35344734409789,-0.411697868987503,1.38719058283672,-0.107057240298074,"Down"
15,17,1.31156027645557,15.008418442421,0.709185621253385,0.590412762693322,-0.014904960782131,"Down"
16,17,1.31156027645557,16.2512391067417,0.256396753535657,0.89102460406876,-0.0138288250738515,"Down"
17,17,1.31156027645557,17.8193369515294,-1.8563605863048,0.742563079603139,0.0280859291453688,"Up"
18,17,1.31156027645557,15.9471311875741,-1.86058762981445,2.43872536150664,-0.0386086544937747,"Down"
19,17,1.31156027645557,11.3357309685144,-0.0228340937343522,0.862172114545014,0.00588714061484823,"Up"
20,17,1.31156027645557,19.9318292994773,0.149938747281039,1.41115982195999,-0.00934685393470485,"Down"
21,17,1.31156027645557,23.6931688345312,-2.30747434203529,1.02930248593068,-0.00127138194326232,"Down"
22,17,1.31156027645557,19.4058940446272,-0.816447225812107,1.03318789179753,0.0179646224307616,"Up"
23,17,1.31156027645557,5.28174549338012,0.0275611516966839,1.16017526556712,-0.0840684352807564,"Down"
24,17,1.31156027645557,21.9978809270147,1.46178591517648,0.958109651013472,-0.0492350326087566,"Down"
25,17,1.31156027645557,14.7197202690687,-2.01286872832228,1.2838727536239,0.0122850827504375,"Up"
26,17,1.31156027645557,17.6245713965964,-1.25544427798198,1.18287407286161,-0.138413435489389,"Down"
27,17,1.31156027645557,18.1101661793553,-1.08030684721822,0.603186535867396,-0.156491118150276,"Down"
28,17,1.31156027645557,14.5165696339665,0.175396078648851,0.846467311877111,-0.012752063125414,"Down"
29,17,1.31156027645557,14.6236840117564,0.330839221414253,0.854698984460581,-0.0170125892354053,"Down"
30,17,1.31156027645557,20.0957853466545,-0.320689231300393,0.859133206092111,-0.0421675250124507,"Down"
31,17,1.31156027645557,18.5580096124312,-1.61232868794999,1.3765570157632,0.00944832556668027,"Up"
32,17,1.31156027645557,19.9513112302212,-0.630552416864319,1.56222034953446,0.0316092833101451,"Up"
33,17,1.31156027645557,26.9146334761516,-0.560485986655885,0.758403066410947,0.0209157625608449,"Up"
34,17,1.31156027645557,18.3220793184704,-0.202581284417019,1.17636672248286,-0.0328430782701589,"Down"
35,17,1.31156027645557,16.0369057869265,1.62288518113168,0.70403276845326,-0.0125569596156116,"Down"
36,17,1.31156027645557,3.9468344471219,-0.676770530437996,0.846094593476683,-0.00519898018925377,"Down"
37,17,1.31156027645557,28.4585700162306,0.0762644051386911,1.09367071081023,-0.132539224513433,"Down"
38,17,1.31156027645557,12.5866158910185,-0.705398341626911,0.944899376800106,-0.0744814822072218,"Down"
39,17,1.31156027645557,26.873673575477,-1.24022784904392,0.815352241512767,0.0069060123869547,"Up"
40,17,1.31156027645557,16.8732178400249,0.6359478978686,0.685755202560437,-0.00506473475960434,"Down"
1,18,-0.00169963964350801,22.692150994484,-1.05062867965275,0.910710731207716,-0.0863187717391669,"Down"
2,18,-0.00169963964350801,14.4514483941188,2.73520918962219,1.0158740894102,0.0730648489057935,"Up"
3,18,-0.00169963964350801,17.5573537734906,0.0925629378272146,1.18372961389506,0.0156710045891591,"Up"
4,18,-0.00169963964350801,16.0697898982113,0.0602535760786764,0.768937915344002,-0.0377049466459081,"Down"
5,18,-0.00169963964350801,14.0693965031325,-0.0665452110108605,1.19247000310765,-0.00783037204902472,"Down"
6,18,-0.00169963964350801,14.3980308768875,1.84364554004006,0.705286009459919,0.00725067204727953,"Up"
7,18,-0.00169963964350801,20.0641716792213,0.663927110403606,0.848883258680719,-0.0246163396934946,"Down"
8,18,-0.00169963964350801,13.9927092651425,-0.250990643747969,1.14466629711499,-0.0185170253813784,"Down"
9,18,-0.00169963964350801,4.811587527796,-1.16618980661084,0.812406342448096,-0.017944098815901,"Down"
10,18,-0.00169963964350801,14.0205537558509,-1.03872776071744,0.7914577088878,0.0195981658779456,"Up"
11,18,-0.00169963964350801,17.6989530276814,-0.78498930533731,0.98590054365003,0.0362384000815729,"Up"
12,18,-0.00169963964350801,18.0822785817572,1.21494843097831,1.01068707280422,0.0216578745277943,"Up"
13,18,-0.00169963964350801,18.0828390873872,-0.188981575770903,1.32358582505575,0.0722970486035198,"Up"
14,18,-0.00169963964350801,6.53949239565459,-0.757198622679825,0.932379082534173,0.0220174502519669,"Up"
15,18,-0.00169963964350801,16.843710290056,0.792059477880274,0.600353623486688,0.0129623500086022,"Up"
16,18,-0.00169963964350801,19.8392960497353,1.34518001902217,0.821394782332307,0.0365318369940821,"Up"
17,18,-0.00169963964350801,21.3828934073383,-0.694531484071315,0.827669680734379,-0.0251442674334413,"Down"
18,18,-0.00169963964350801,13.8751936447794,-0.444932544042374,0.756011813356924,0.0269006044332768,"Up"
19,18,-0.00169963964350801,13.390537069086,0.345284186723786,1.10138789878286,0.0947883147942048,"Up"
20,18,-0.00169963964350801,22.4391891593902,-0.00484443653596692,2.11812132598565,-0.0276284191821937,"Down"
21,18,-0.00169963964350801,6.6603597711034,0.406366471484777,1.26902671614962,0.0489763511228956,"Up"
22,18,-0.00169963964350801,12.8158501154344,1.71419852577143,0.954610506861249,0.00450848560851068,"Up"
23,18,-0.00169963964350801,17.2873103967873,-0.0603865541209644,1.16311314410576,-0.046981142313249,"Down"
24,18,-0.00169963964350801,6.91113117309387,-0.280702267534243,1.54161485201869,0.0491696153699646,"Up"
25,18,-0.00169963964350801,16.3981393121588,0.485414460894456,0.91139384533776,0.0175056289596549,"Up"
26,18,-0.00169963964350801,24.389320105261,-0.049344529739962,1.22060195299759,-0.0323165211551808,"Down"
27,18,-0.00169963964350801,14.9796967328183,0.627765061532786,1.18361076298995,0.083504079262908,"Up"
28,18,-0.00169963964350801,13.6077298751821,-0.223971151420257,0.963878097022578,-0.101526771569521,"Down"
29,18,-0.00169963964350801,17.3745585701703,0.443522714401108,1.01710850435626,-0.00944867605275008,"Down"
30,18,-0.00169963964350801,13.6046391460635,-1.56374070756789,1.21600062910963,-0.0276605601472774,"Down"
31,18,-0.00169963964350801,19.0670018703953,0.0139036583033916,0.99215930695824,-0.0200524327714652,"Down"
32,18,-0.00169963964350801,19.5221773222485,-0.516215987283684,0.90316257876936,-0.0106343896542435,"Down"
33,18,-0.00169963964350801,15.0134583061506,-1.19054257551753,0.836777567071042,0.0782816197414467,"Up"
34,18,-0.00169963964350801,9.11653921125136,-0.413069207837028,1.09121158282649,-0.112065310006956,"Down"
35,18,-0.00169963964350801,8.40889636270456,0.371994945422908,0.983628888095256,0.0487781870146791,"Up"
36,18,-0.00169963964350801,12.0350131717234,0.0923429640204638,0.89447217510977,-0.0440489304604765,"Down"
37,18,-0.00169963964350801,18.9869025027492,0.693483762521126,1.05440490943669,0.0375829121984546,"Up"
38,18,-0.00169963964350801,5.20897412671537,0.940899243153547,0.793009500791898,-0.0203776577538243,"Down"
39,18,-0.00169963964350801,5.56837420633727,0.828464029727859,0.786057068853584,0.0442737246394778,"Up"
40,18,-0.00169963964350801,11.7311008761995,-0.324489176475348,1.50993988654448,-0.0207384889226053,"Down"
1,19,-0.424354524037433,16.9719742399029,-1.32815619805706,0.767661177121435,-0.0425720913842342,"Down"
2,19,-0.424354524037433,10.432169759175,-0.280334969912362,1.09936904321599,-0.0652214610256971,"Down"
3,19,-0.424354524037433,19.4337451854803,1.16965543651082,0.747877582925738,-0.0518879939765998,"Down"
4,19,-0.424354524037433,16.6668498507759,-0.121476364908072,0.933155995885351,-0.023162596026974,"Down"
5,19,-0.424354524037433,14.146801908807,-1.63729165104512,1.12424161084561,-0.0155048721447392,"Down"
6,19,-0.424354524037433,19.0941406826589,0.491383222869776,0.738701742738555,0.0197933672855815,"Up"
7,19,-0.424354524037433,16.9418258140968,0.281819310693371,1.19543675185897,-0.00704565526455587,"Down"
8,19,-0.424354524037433,12.7703248639392,-0.400603355192185,1.06787913918018,0.0562170857697265,"Up"
9,19,-0.424354524037433,16.1555746720908,0.173361502856003,0.90938940591351,-0.0649906276532149,"Down"
10,19,-0.424354524037433,18.237566789888,1.36938766954533,1.07641918468686,0.0267557729769879,"Up"
11,19,-0.424354524037433,16.7814167243102,1.29919609375684,1.02276879090432,0.0491139586341216,"Up"
12,19,-0.424354524037433,11.7099489602526,-0.456296893545459,0.777326345176279,0.0207803890437389,"Up"
13,19,-0.424354524037433,19.276011025321,0.010664861858056,0.657625817342131,-0.0151699783685481,"Down"
14,19,-0.424354524037433,20.7646811277931,-1.45408914493424,1.03235183116946,-0.0441200601302006,"Down"
15,19,-0.424354524037433,16.3813727827167,-0.727753325968744,0.739769704742101,-0.0786356095121205,"Down"
16,19,-0.424354524037433,15.7205233123109,2.00824039746518,0.989489627254603,-0.0691571361075622,"Down"
17,19,-0.424354524037433,14.6218745961008,1.49800968551095,0.609922822906121,0.0410940191287561,"Up"
18,19,-0.424354524037433,25.8070792315139,-0.229254725283134,0.756759523088225,-0.028874637406615,"Down"
19,19,-0.424354524037433,16.381577660679,-0.692465145302773,1.08505778567198,-0.08434872865822,"Down"
20,19,-0.424354524037433,14.2085298565003,-1.3666232971684,1.36833796397386,0.0133926868746154,"Up"
21,19,-0.424354524037433,2.46041098901373,2.1260518537637,1.05209515817589,0.0533918414769873,"Up"
22,19,-0.424354524037433,7.17359117484734,0.114629724838474,0.742056053569345,-0.106972383752864,"Down"
23,19,-0.424354524037433,14.6116339969472,-0.593948909367117,0.882848895322389,0.0849804397111405,"Up"
24,19,-0.424354524037433,16.0314702242155,1.07806733795125,1.38831507832707,0.0632770059028289,"Up"
25,19,-0.424354524037433,16.3843622943081,-1.09958583285891,1.16836493186363,-0.0745574261359316,"Down"
26,19,-0.424354524037433,19.1075339022431,0.726564197606452,1.26631625841168,-0.0457837665541693,"Down"
27,19,-0.424354524037433,14.0292379533977,1.4408703022386,1.34852349449892,0.0149974990507881,"Up"
28,19,-0.424354524037433,21.0729439724128,-0.210170159621664,1.1199011171678,0.00653414229339586,"Up"
29,19,-0.424354524037433,10.3924197856521,1.45128094388337,1.39488782421497,-0.0535221733244479,"Down"
30,19,-0.424354524037433,8.95778639778467,0.641551431409249,0.746795280682434,-0.028839100327167,"Down"
31,19,-0.424354524037433,8.85506911223093,-0.678807618879959,1.09405784430886,0.148627533139163,"Up"
32,19,-0.424354524037433,18.7114851209326,0.574312736347461,0.903169806301761,0.0412733965890973,"Up"
33,19,-0.424354524037433,14.5854002883039,-0.704514526288929,1.06239061776118,0.0615844160730837,"Up"
34,19,-0.424354524037433,18.9490896091025,-0.533984057229936,1.48827747070881,-0.053187791564065,"Down"
35,19,-0.424354524037433,13.6614678922146,0.774384606617658,1.16315721457998,-0.0142826848707255,"Down"
36,19,-0.424354524037433,12.0405394889359,-0.475621395338803,0.827876733604642,-0.0726510445015946,"Down"
37,19,-0.424354524037433,13.1582371243675,-0.0244273788868501,0.900282898056912,0.0151549843981593,"Up"
38,19,-0.424354524037433,5.73691587879135,1.01900809628437,0.751712315018765,0.00404695399829835,"Up"
39,19,-0.424354524037433,9.15192369792943,-1.20558039559856,0.97341548322609,0.106993434718081,"Up"
40,19,-0.424354524037433,7.78982676820775,1.59529386747203,0.860812068630583,-0.00693041294902776,"Down"
1,20,-0.818079057749168,20.2716113598767,2.041955459993,1.26803924834441,0.00632301905530542,"Up"
2,20,-0.818079057749168,12.013349543186,0.614481250043309,0.862587849053683,-0.0417221268964242,"Down"
3,20,-0.818079057749168,18.9472992639509,0.421931174136824,1.23750148233145,0.00817555048259852,"Up"
4,20,-0.818079057749168,22.5824530084598,-0.496421667693228,1.24137426003996,-0.0495060167082782,"Down"
5,20,-0.818079057749168,14.0411259544503,0.490961412826035,0.87756955237322,-0.0481674965125098,"Down"
6,20,-0.818079057749168,16.4193945317618,-0.501982169603514,1.53410557348794,-0.00967680883034943,"Down"
7,20,-0.818079057749168,6.24466240301961,0.288169818251616,1.00811000092644,-0.039769406007949,"Down"
8,20,-0.818079057749168,10.906651112401,-0.686626008241128,0.822139223499509,-0.0450703633526336,"Down"
9,20,-0.818079057749168,15.2810742469142,0.788403786030499,1.02257075579024,0.0302418463220959,"Up"
10,20,-0.818079057749168,16.4954345166808,0.691368840963686,0.742829485260157,0.0586891692013643,"Up"
11,20,-0.818079057749168,11.2030094135056,1.24299900805133,1.21567318352353,0.0521754095703661,"Up"
12,20,-0.818079057749168,28.424294996134,1.98220971242917,0.764486894426454,0.00291669445007804,"Up"
13,20,-0.818079057749168,12.7080493045381,-0.646441834619146,1.47387926479339,0.000823188301068993,"Up"
14,20,-0.818079057749168,15.3212177831502,0.96618929222735,0.53672899551259,-0.0311013024336362,"Down"
15,20,-0.818079057749168,18.2489593357676,-1.42726744709521,0.71624138661917,0.00164246959048824,"Up"
16,20,-0.818079057749168,14.86990682613,-0.457483758648024,0.903477775268261,0.047616198936458,"Up"
17,20,-0.818079057749168,11.7821630648644,0.945466684608465,0.810414644106056,-0.0410746667101318,"Down"
18,20,-0.818079057749168,20.2265283198165,-0.738389150369058,1.497929095799,0.0386263011294593,"Up"
19,20,-0.818079057749168,23.077726616036,0.345640699877904,0.982035528469661,-0.0374253660443751,"Down"
20,20,-0.818079057749168,14.8515301447508,-0.900444693895271,1.11231265923797,0.016123015574164,"Up"
21,20,-0.818079057749168,17.8113367270153,-0.37035070411506,1.23640857560558,-0.0730607624646534,"Down"
22,20,-0.818079057749168,14.5129375074868,-0.0407969264500623,1.04693137508318,0.008594273974075,"Up"
23,20,-0.818079057749168,20.0822760885108,-0.612318766406044,1.33416150888184,0.0553407179213284,"Up"
24,20,-0.818079057749168,9.21916302870074,-1.94585208981637,1.14101117863908,-0.0133763338962632,"Down"
25,20,-0.818079057749168,26.6043011199724,0.243096329527575,1.23301715987238,-0.0866065595978466,"Down"
26,20,-0.818079057749168,11.9823437610583,0.474900095404527,0.640310387767794,0.0865249548633729,"Up"
27,20,-0.818079057749168,7.70575292780954,0.136714574061142,0.713269093007471,-0.0366038023018276,"Down"
28,20,-0.818079057749168,13.2454108640347,-0.48874772568831,0.51277288773962,-0.050100573355324,"Down"
29,20,-0.818079057749168,15.733542420725,0.900203657260438,0.926833019970527,-0.0253402913449899,"Down"
30,20,-0.818079057749168,23.1181060384011,1.07753566006142,1.53653049409803,-0.0514525190288488,"Down"
31,20,-0.818079057749168,19.5560483838566,-2.37367085604992,0.745633676489809,-0.00951323107087435,"Down"
32,20,-0.818079057749168,15.7122921602289,1.12457483752911,1.09913000977642,0.0231035267780068,"Up"
33,20,-0.818079057749168,8.0525823800592,-1.77954774715351,1.14143569229085,-0.0260556194359622,"Down"
34,20,-0.818079057749168,10.6698112766394,-0.344550362435428,1.07418036519768,0.0408134559769857,"Up"
35,20,-0.818079057749168,14.1835753388535,-1.10917311375928,0.918267272398745,0.0163054663703666,"Up"
36,20,-0.818079057749168,27.765130567303,-0.630105782923093,0.830736009424135,-0.0763244156421175,"Down"
37,20,-0.818079057749168,5.69886212890793,1.31688376872424,0.826107483865705,0.0451312199029803,"Up"
38,20,-0.818079057749168,20.6552732592301,0.534513388284073,1.00524970581629,-0.0678345590780673,"Down"
39,20,-0.818079057749168,12.3638287138304,0.493898085741881,1.47682058460871,-0.000943960154490293,"Down"
40,20,-0.818079057749168,23.3299544999371,-2.07799243134481,0.788161512091759,-0.0328691926689583,"Down"
1,21,-0.0461476685946258,9.30399680013298,0.196325342741564,0.963907140653845,-0.0439531481674214,"Down"
2,21,-0.0461476685946258,15.7181161733137,0.628803153873898,1.03022831938281,0.052196494578057,"Up"
3,21,-0.0461476685946258,9.50224529148624,0.860947143393617,1.26797868638868,0.000580464448808759,"Up"
4,21,-0.0461476685946258,19.5175821318084,-0.973247350475229,0.932954884035491,0.00687740481714843,"Up"
5,21,-0.0461476685946258,22.4188974436904,0.937543052030658,1.21084103962597,-0.011562269905271,"Down"
6,21,-0.0461476685946258,24.7536050320058,-1.39520577829527,0.638253434073867,-0.0673029784823305,"Down"
7,21,-0.0461476685946258,18.9880032879476,1.73874301887633,1.24050666458333,0.025877460998819,"Up"
8,21,-0.0461476685946258,24.2163312728891,-0.798634290243535,1.02933329096251,-0.0599181993129496,"Down"
9,21,-0.0461476685946258,21.2321195433082,0.765024386769347,0.719863561893871,0.0335965955221746,"Up"
10,21,-0.0461476685946258,14.3406254408799,0.317911345135435,0.497028658834777,0.116492167820892,"Up"
11,21,-0.0461476685946258,17.3851861914235,-1.06360051761289,0.896191652967133,0.00249193128496064,"Up"
12,21,-0.0461476685946258,10.1400289426203,1.1442586560686,1.22220697408762,0.0345639776113864,"Up"
13,21,-0.0461476685946258,14.073989152995,0.0333768426273916,1.10044714072313,0.0146919304204545,"Up"
14,21,-0.0461476685946258,21.1048185417441,0.818407774847846,0.896506337382089,0.053684484938426,"Up"
15,21,-0.0461476685946258,17.7064207174118,0.218192085822206,1.01513296802944,-0.0698013274751408,"Down"
16,21,-0.0461476685946258,17.2867866581267,0.868497252409914,1.04790945112738,-0.051167414492164,"Down"
17,21,-0.0461476685946258,9.80934480156397,0.0216805208980772,0.797938974225278,-0.00123206436691654,"Down"
18,21,-0.0461476685946258,11.9774338483294,1.11522864969301,1.01650118889213,-0.00265785459255458,"Down"
19,21,-0.0461476685946258,11.1769699312322,-0.352180864911126,1.03425417603178,-0.0657342901469551,"Down"
20,21,-0.0461476685946258,16.9764793500675,0.527288318248801,0.805051170186686,-0.092465350722565,"Down"
21,21,-0.0461476685946258,10.0474618476672,0.378571522243943,1.06126189721081,-0.0269902272975945,"Down"
22,21,-0.0461476685946258,17.8102069504953,0.843859777098379,1.09764622767268,0.0784640290100077,"Up"
23,21,-0.0461476685946258,9.41791794033229,-0.621042494956867,1.17104566508475,0.102834144729456,"Up"
24,21,-0.0461476685946258,24.1426522906768,0.177691497867866,1.23777319731901,0.0271552856774259,"Up"
25,21,-0.0461476685946258,17.3029567473905,-0.580165079131849,1.13098980616631,-0.0932190377822403,"Down"
26,21,-0.0461476685946258,11.4949819387337,0.908637825733444,1.0946335811245,0.0366067904056207,"Up"
27,21,-0.0461476685946258,16.2052296625061,-0.636686379475083,0.971776898714617,-0.0387934680375849,"Down"
28,21,-0.0461476685946258,13.2377340038602,1.73223869637675,1.14411120061414,0.00967171806389853,"Up"
29,21,-0.0461476685946258,16.8557397987983,0.790371602039116,0.68333263830471,0.0309702377307606,"Up"
30,21,-0.0461476685946258,16.2176635938015,-0.0137079788538398,1.21686886790015,0.0744550647802972,"Up"
31,21,-0.0461476685946258,9.92942913669263,1.20619647520582,0.851740980059492,0.00874263207374876,"Up"
32,21,-0.0461476685946258,11.0434306059026,-0.0845909401382518,2.01628890663607,-0.0436670824223141,"Down"
33,21,-0.0461476685946258,16.4979684236978,0.563262281636034,0.836188328721453,0.0338166092762901,"Up"
34,21,-0.0461476685946258,23.1952595437578,0.528194400015101,0.420509188384692,0.0304997119593547,"Up"
35,21,-0.0461476685946258,20.4230850433546,0.423038432410325,1.50926924542523,0.0330041183929825,"Up"
36,21,-0.0461476685946258,11.8771626319095,-0.596764229709111,0.835607967313582,0.0476483645652003,"Up"
37,21,-0.0461476685946258,19.1296145082375,-1.2508442776012,1.19468825319012,-0.00664713119835712,"Down"
38,21,-0.0461476685946258,14.7571582362186,-1.68160070977383,1.0700684527294,-0.0648343199047615,"Down"
39,21,-0.0461476685946258,16.506568258592,-0.456296359001271,1.38943003827016,-0.00499687579191408,"Down"
40,21,-0.0461476685946258,16.3018074536828,0.682793192202467,0.762631895940475,-0.0915945988651159,"Down"
1,22,-0.181331601251272,27.877248818617,-0.23903748350282,0.699969527258344,0.0413684844988351,"Up"
2,22,-0.181331601251272,9.07355594706388,-1.20335093346794,1.3764265718133,0.0134942962241983,"Up"
3,22,-0.181331601251272,15.5045992950643,2.15647760195008,0.750083878840089,0.0421849660992309,"Up"
4,22,-0.181331601251272,6.10011356016192,0.702009423048609,0.631215321990642,0.0103773093088936,"Up"
5,22,-0.181331601251272,17.9491796147938,1.94661810026563,1.26287497567349,-0.115773596631773,"Down"
6,22,-0.181331601251272,20.483042358607,1.21303635372129,0.980612911731393,-0.0355472392845691,"Down"
7,22,-0.181331601251272,22.2283112055058,-0.611379118364512,1.98072168826003,0.0285084520179522,"Up"
8,22,-0.181331601251272,5.3742737408144,-0.411921203246786,1.10858329217899,-0.0187098052955078,"Down"
9,22,-0.181331601251272,17.0638474859702,-1.44068097826971,0.899489568993584,0.026396503286735,"Up"
10,22,-0.181331601251272,22.9668497569183,0.74047345310968,0.828485979534977,-0.0554687545866646,"Down"
11,22,-0.181331601251272,12.9299206847885,1.62365925222734,1.65761960771399,0.0159741049680913,"Up"
12,22,-0.181331601251272,13.9392473395903,-0.920484878072598,0.694558862423759,-0.0380757454977554,"Down"
13,22,-0.181331601251272,14.8173138889763,-1.20219764681918,1.20332506636136,-0.0461912136839731,"Down"
14,22,-0.181331601251272,16.8250937571652,0.882678068364482,1.1835329663806,-0.0112794962320099,"Down"
15,22,-0.181331601251272,18.3257993787298,-1.51647903560073,0.842112402080606,0.0654379581620692,"Up"
16,22,-0.181331601251272,21.5891044185574,1.92161155776854,1.5852075798313,0.00614768640719061,"Up"
17,22,-0.181331601251272,14.522562047775,0.572135777806248,0.799078061219378,0.00896087276444374,"Up"
18,22,-0.181331601251272,15.9813902273623,-1.71489505383856,0.994175471365146,0.0627350931803229,"Up"
19,22,-0.181331601251272,27.4399893861073,0.354918895732423,1.12331992696783,-0.0276645515176158,"Down"
20,22,-0.181331601251272,17.155494640575,0.105181865810994,2.00759560986736,0.0174532808609269,"Up"
21,22,-0.181331601251272,15.9437655466492,-2.46841353318467,1.20267190785391,-0.0579345578336822,"Down"
22,22,-0.181331601251272,8.28878437358276,-0.0418580303239525,1.68112701159848,0.0373021788264303,"Up"
23,22,-0.181331601251272,15.0142802381111,-0.587260767867037,0.803668195650724,-0.0766723574998223,"Down"
24,22,-0.181331601251272,13.8933692341656,-0.887296992757254,0.592365111364856,-0.0130438471456033,"Down"
25,22,-0.181331601251272,14.9447708509531,0.238716819750682,1.30578845127432,0.0510420306630028,"Up"
26,22,-0.181331601251272,12.1229117936442,0.850890302293807,0.613521052567899,0.067764427129974,"Up"
27,22,-0.181331601251272,11.5659217377865,1.72700883321405,0.668537285471934,0.0018883621401871,"Up"
28,22,-0.181331601251272,11.3961318408994,-2.63250764609541,1.20109190112194,-0.140429548233595,"Down"
29,22,-0.181331601251272,13.9274774230011,0.743611327809965,0.983406230845783,0.0809996242283747,"Up"
30,22,-0.181331601251272,21.8406632401431,-0.952351111335292,1.28930818587323,-0.0503427575472577,"Down"
31,22,-0.181331601251272,20.2454331327966,1.15633016538051,1.53718438623435,0.0294876124998531,"Up"
32,22,-0.181331601251272,13.2001244102847,0.345861674157838,1.31498264102109,-0.0888536710840083,"Down"
33,22,-0.181331601251272,6.5704177273063,1.44495717206043,1.12153579812677,-0.0166958784350795,"Down"
34,22,-0.181331601251272,10.7770828573202,-1.48276130575666,1.18010755672259,0.0677987365417453,"Up"
35,22,-0.181331601251272,12.7111973337975,0.49463129762884,1.0444056791583,0.0147546234499726,"Up"
36,22,-0.181331601251272,15.5181900211415,0.295159338034633,1.66948915716029,0.0112157334953794,"Up"
37,22,-0.181331601251272,11.6869636214959,1.04786224591943,1.01584097347549,0.0462932345811075,"Up"
38,22,-0.181331601251272,25.0334034541595,-0.231168508634999,1.27397654897258,-0.0843716911711508,"Down"
39,22,-0.181331601251272,13.6386623279082,1.14401684592874,0.754247372865247,0.0033023010770379,"Up"
40,22,-0.181331601251272,8.93027764880245,-0.444960875475881,1.01184224168874,0.0172914866614284,"Up"
1,23,0.00407446182589864,14.2936912135874,-0.429237403893111,0.549202420128228,0.0472099285189651,"Up"
2,23,0.00407446182589864,9.97311209203293,0.0253793014557843,1.04249708706526,-0.0464326467323236,"Down"
3,23,0.00407446182589864,15.7807785363766,-1.0692521723823,0.639874618866553,-0.00233632172936861,"Down"
4,23,0.00407446182589864,16.1681680704493,-0.456571640834288,0.960921734237934,0.022143415392972,"Up"
5,23,0.00407446182589864,16.7779380581419,1.11000382848242,0.930498269843621,0.183833142883667,"Up"
6,23,0.00407446182589864,6.89070870437893,1.65182870430573,1.33857522487583,0.0839301855798439,"Up"
7,23,0.00407446182589864,16.1035564548532,1.11425467962836,0.824754563855844,-0.119975479966179,"Down"
8,23,0.00407446182589864,16.5522504027082,-0.424865175188582,0.81934213677319,-0.00998814946080138,"Down"
9,23,0.00407446182589864,7.89445776247756,0.318479885539619,0.553272787068288,0.00715990970399691,"Up"
10,23,0.00407446182589864,19.7768281986521,0.098489648944743,1.20456018693862,0.031138452517204,"Up"
11,23,0.00407446182589864,18.9208543954717,-1.2590274729358,1.38624892675562,-0.0528971543747786,"Down"
12,23,0.00407446182589864,26.4980968057722,0.257408211140715,0.934425691890398,0.0388581910258154,"Up"
13,23,0.00407446182589864,15.7835149368786,-0.824293327671809,1.559041768942,-0.0490552617753418,"Down"
14,23,0.00407446182589864,15.23366763759,-1.06062421894714,0.884328378321455,-0.0194407660855556,"Down"
15,23,0.00407446182589864,15.4829291704122,0.725505461365908,0.74030233708481,0.0268318150235377,"Up"
16,23,0.00407446182589864,15.3488311545015,-0.707931887106341,1.07116154930978,-0.0429724406692904,"Down"
17,23,0.00407446182589864,5.75763612331167,-0.144048750509615,1.22861235007294,-0.00142201024478764,"Down"
18,23,0.00407446182589864,6.64436470678878,-0.973715576881434,0.638868834950536,0.0690809883052105,"Up"
19,23,0.00407446182589864,14.612305166044,0.0559444258531401,0.612203815221483,-0.0299570949452813,"Down"
20,23,0.00407446182589864,12.0946630971675,0.492346553150489,1.01402338219818,-0.061878927597469,"Down"
21,23,0.00407446182589864,15.2736826252871,0.502545254666909,1.15503493022879,0.0307392660480666,"Up"
22,23,0.00407446182589864,4.44395813369735,-1.07525797722939,0.494926549482761,-0.048486761893244,"Down"
23,23,0.00407446182589864,7.50650872736621,1.25804225002658,0.599381942889549,-0.0101138597708384,"Down"
24,23,0.00407446182589864,9.49258280530629,1.49297171304439,1.0967277590352,0.0283165603110163,"Up"
25,23,0.00407446182589864,19.9302911053012,0.372910426410749,1.30554468542915,0.0146800623223086,"Up"
26,23,0.00407446182589864,9.50754996454942,0.157479547884347,0.892007554891096,0.0542895768516475,"Up"
27,23,0.00407446182589864,11.0024302321173,0.0773429033210805,1.4335110449229,-0.0408144980517338,"Down"
28,23,0.00407446182589864,15.3993690933703,0.257545945939747,0.831822730397493,-0.022249440539076,"Down"
29,23,0.00407446182589864,13.3862681908745,0.376423588722638,0.951221107193957,-0.037940117269886,"Down"
30,23,0.00407446182589864,15.7320858933398,0.136823618948169,1.49918679186889,-0.0166418098594251,"Down"
31,23,0.00407446182589864,26.5253099102285,0.653823170914733,0.975829687046708,0.090787867055701,"Up"
32,23,0.00407446182589864,9.37698164370882,-0.335768542377534,1.0077921325001,-0.0108743298498558,"Down"
33,23,0.00407446182589864,13.472651800451,1.12934492850217,0.763409104783803,-0.00157105317290688,"Down"
34,23,0.00407446182589864,12.4162027512813,-0.0376828117706237,1.02030661117558,0.0183023588533097,"Up"
35,23,0.00407446182589864,22.5619771341623,-1.75569401653616,0.824251419046948,-0.0820858715729122,"Down"
36,23,0.00407446182589864,11.1525753855486,-0.0997203693834033,0.582846246769099,0.0414142618716911,"Up"
37,23,0.00407446182589864,14.5895654811214,0.447020452653874,0.747405381537788,-0.00760746111736912,"Down"
38,23,0.00407446182589864,18.9356680716135,1.2300316728337,0.930908091122808,-0.0373439465960704,"Down"
39,23,0.00407446182589864,9.707047320258,0.0602104326151076,1.05031437465809,0.0130528613932783,"Up"
40,23,0.00407446182589864,23.2758790787101,-1.940069201671,1.3776935617955,-0.0329052644412681,"Down"
1,24,-0.0933550878712022,18.3788120773712,0.00483176592536138,1.01162734617645,-0.0199929765404333,"Down"
2,24,-0.0933550878712022,9.62896695234823,-1.19921192196747,0.962499225689702,-0.0177820378212441,"Down"
3,24,-0.0933550878712022,17.2728890452887,-0.976105703649749,1.39352988945753,0.0627409619707652,"Up"
4,24,-0.0933550878712022,13.9334642838347,-1.02562705123497,2.06373390624967,-0.0425665582013186,"Down"
5,24,-0.0933550878712022,16.5661438599717,-0.799226924512563,0.974694368930312,0.0352753269120607,"Up"
6,24,-0.0933550878712022,14.5501240149217,1.13712909055669,1.42389443449335,0.00730949232103445,"Up"
7,24,-0.0933550878712022,20.3525801838917,-0.831528899543843,1.15702824416379,-0.0323969816218846,"Down"
8,24,-0.0933550878712022,8.24449807148333,-0.439062773952966,0.977444473331436,-0.0391744949014551,"Down"
9,24,-0.0933550878712022,12.3869165140204,0.184173461400253,0.561993207767018,-0.0223954618608919,"Down"
10,24,-0.0933550878712022,13.754046611223,0.89037962557919,0.748064687859828,-0.0145175855828434,"Down"
11,24,-0.0933550878712022,10.0210063757433,-0.666705010074985,0.846179996919588,0.0457636334496107,"Up"
12,24,-0.0933550878712022,9.80022478116903,-0.826223863869995,0.716725644600597,-0.0484459795629819,"Down"
13,24,-0.0933550878712022,14.9100987971167,-0.518615722213841,0.705834151565531,0.0726123354116703,"Up"
14,24,-0.0933550878712022,14.3391243357163,-1.17171869923338,0.883487933007372,-0.0221386482195398,"Down"
15,24,-0.0933550878712022,2.25328612624784,0.920033349469812,1.33051599125388,-0.0297906909628223,"Down"
16,24,-0.0933550878712022,20.2028672785969,-2.18195813409895,0.758771836120943,-0.0611523650365085,"Down"
17,24,-0.0933550878712022,16.248628679926,-0.5276920773549,1.03608846942406,-0.0013989556783982,"Down"
18,24,-0.0933550878712022,27.0810368657416,-1.44114002209388,0.940919360497708,0.0629741971399874,"Up"
19,24,-0.0933550878712022,18.4259911902555,-1.95678478418978,1.26862030985086,-0.03592783687997,"Down"
20,24,-0.0933550878712022,12.76520345519,0.0286581970792618,1.01159779130443,-0.0108095543126595,"Down"
21,24,-0.0933550878712022,28.9869557347905,1.53823566132278,0.950802515773247,0.00292019776514253,"Up"
22,24,-0.0933550878712022,29.1611301195775,1.63464035479982,0.839241456836268,-0.00343095705035563,"Down"
23,24,-0.0933550878712022,8.9064409185491,-0.562776208352765,1.30678457881937,-0.0457024734267792,"Down"
24,24,-0.0933550878712022,17.3451597797771,-0.696955708518244,1.40747866497104,0.0364133553423169,"Up"
25,24,-0.0933550878712022,13.9437654068392,-0.538226303471587,1.00584978861862,-0.07141122431034,"Down"
26,24,-0.0933550878712022,15.9352557327701,0.710110231783851,2.66854885665434,-0.0555210058302622,"Down"
27,24,-0.0933550878712022,16.1377136428441,-2.56169696298002,0.999102439396671,-0.04366148787909,"Down"
28,24,-0.0933550878712022,8.69049768565474,0.24770047442229,2.40403165696169,-0.019786555687928,"Down"
29,24,-0.0933550878712022,16.4279479012128,-0.405540381007554,0.960632020340098,0.0427128327686557,"Up"
30,24,-0.0933550878712022,23.746236815709,-0.743938496851104,0.624245150328095,-0.0494300127235254,"Down"
31,24,-0.0933550878712022,14.179549979326,-2.00612003132012,0.6521830701354,-0.0269889465540912,"Down"
32,24,-0.0933550878712022,14.1853664465077,-0.205826417782953,0.769941313766737,-0.0241347220980407,"Down"
33,24,-0.0933550878712022,21.9928600316873,-1.64905677245587,1.55818610998376,0.0553198855503975,"Up"
34,24,-0.0933550878712022,19.4919812034147,-0.0153078731923365,1.66695230259334,0.0581520795923613,"Up"
35,24,-0.0933550878712022,6.75752590809358,-0.894901677513419,1.12668825049613,-0.0623122285524172,"Down"
36,24,-0.0933550878712022,16.1427848663109,0.0463197241835662,1.09696643941901,0.0143861393157262,"Up"
37,24,-0.0933550878712022,23.2677361733887,0.461004079383783,0.851218362798032,-0.0761700295340577,"Down"
38,24,-0.0933550878712022,22.0763817495957,-0.503738767197944,0.816276054692293,-0.0580056580473713,"Down"
39,24,-0.0933550878712022,17.0997580190711,-1.022398456216,0.806242324717346,-0.0427337898342174,"Down"
40,24,-0.0933550878712022,18.6061040355645,-0.61174222903031,0.770153834926327,-0.0580847422261451,"Down"
1,25,-0.183787363732083,9.01532393905658,-0.667393503214494,0.850460990323711,0.00395612566076897,"Up"
2,25,-0.183787363732083,16.5006578344069,-1.49327582905547,0.829603892226218,-0.0310405355774524,"Down"
3,25,-0.183787363732083,10.2277553240609,-0.780618213906196,1.17182367849742,0.00602952127339536,"Up"
4,25,-0.183787363732083,12.7099096595153,-0.193405134857153,1.2601687007791,0.0545550194228579,"Up"
5,25,-0.183787363732083,19.678018418898,-0.220833309799399,1.61761723893019,0.043961578168739,"Up"
6,25,-0.183787363732083,9.31553444154428,0.329541739887292,0.479703820530868,-0.104434929595855,"Down"
7,25,-0.183787363732083,16.3345912543653,1.29187572312354,1.160134451155,-0.0119855629430837,"Down"
8,25,-0.183787363732083,17.1416601973577,0.333671031663867,0.90888151168111,0.0189852997301024,"Up"
9,25,-0.183787363732083,15.2745598491981,1.47578697474206,0.923192801342103,0.0609781815624196,"Up"
10,25,-0.183787363732083,24.1109441091771,-0.647925964720306,0.611089876662235,-0.045442011757218,"Down"
11,25,-0.183787363732083,9.88826335712375,1.35066841000033,0.990185067513435,0.0103976050514454,"Up"
12,25,-0.183787363732083,18.030651307178,0.593408907817607,0.792310331155242,0.0742043773934986,"Up"
13,25,-0.183787363732083,14.5553471627467,-1.19170888523403,1.11263138668323,-0.00341008782874927,"Down"
14,25,-0.183787363732083,13.6958387808304,0.402171012485224,0.716166386772559,0.0911353848167663,"Up"
15,25,-0.183787363732083,17.3204561692619,-1.23769284056948,2.81172336767422,-0.128977669356106,"Down"
16,25,-0.183787363732083,9.89799704658035,0.947230675691712,0.790863683776972,0.10367422160832,"Up"
17,25,-0.183787363732083,8.43274541740797,-0.539746145027583,0.918823718914601,-0.125360655918115,"Down"
18,25,-0.183787363732083,12.5275956225829,-0.236110187036619,0.691681383824359,0.0506809469789631,"Up"
19,25,-0.183787363732083,23.7587857487772,-0.679536488943232,0.90705526510099,0.0356041879178005,"Up"
20,25,-0.183787363732083,15.2788238730626,-0.852178292364297,1.89700510420712,-0.032176100002265,"Down"
21,25,-0.183787363732083,16.6571719911394,1.70213970919678,0.890415007053967,-0.0129430166219045,"Down"
22,25,-0.183787363732083,14.0507668116123,0.991804522902773,1.20088784894843,0.0175440224480898,"Up"
23,25,-0.183787363732083,17.3524636597691,0.675213077027448,0.754323519125191,0.00593394954910109,"Up"
24,25,-0.183787363732083,10.2416022849143,0.0736199590039371,1.58646627829137,0.00697194961203403,"Up"
25,25,-0.183787363732083,20.7895523328432,0.736333814551808,1.15085538560192,0.0573386728991334,"Up"
26,25,-0.183787363732083,17.9235263012068,0.661712776915951,0.806549579584862,0.0084893894587329,"Up"
27,25,-0.183787363732083,10.9677358865415,1.60352059838129,1.07157730886409,-0.0982840202962714,"Down"
28,25,-0.183787363732083,15.27276622906,0.85003977821244,0.890422591182974,0.019861870108727,"Up"
29,25,-0.183787363732083,18.5816580974956,-0.206189006457514,1.16487354953195,-0.0292982008778779,"Down"
30,25,-0.183787363732083,17.788654910273,-0.214892943259896,0.784413496076218,0.0340099034853748,"Up"
31,25,-0.183787363732083,22.4096700793844,-0.468072564336127,1.14908360317652,-0.059979524412566,"Down"
32,25,-0.183787363732083,11.9350612255257,-0.363738560815834,1.60793943991188,-0.0208629717870695,"Down"
33,25,-0.183787363732083,20.580683077452,-0.236683939495527,1.46057250911814,-0.091629834336227,"Down"
34,25,-0.183787363732083,20.1827400497061,1.22288074959827,1.09581431531057,-0.0792662571264605,"Down"
35,25,-0.183787363732083,14.1875843404857,-2.32835963269809,1.10528474598098,-0.107254793736659,"Down"
36,25,-0.183787363732083,10.1203665358906,-0.701845828410341,1.13479373447901,-0.0074791514978121,"Down"
37,25,-0.183787363732083,9.55427404557742,-0.132880719366657,1.30932786670614,-0.142480470038114,"Down"
38,25,-0.183787363732083,17.2889347897249,-1.2832584037532,1.12274675646164,0.0477026904229576,"Up"
39,25,-0.183787363732083,14.6443663313955,1.61910061010553,1.19940672078503,-0.029235142553829,"Down"
40,25,-0.183787363732083,23.8955133342573,-0.233948301011858,1.21087526577792,-0.0148122842234096,"Down"
1,26,0.974510227902128,17.675689802481,-1.11691813121359,1.070727317044,0.0342467358345583,"Up"
2,26,0.974510227902128,13.1402756241825,-0.891613786810676,1.24126972467051,-0.00777248186471388,"Down"
3,26,0.974510227902128,9.87228875751443,0.87239516251344,1.01750322413983,0.0105897857007232,"Up"
4,26,0.974510227902128,12.0879916269737,1.86900934050409,1.3544370623646,-0.0379056271532239,"Down"
5,26,0.974510227902128,16.7144419644867,-0.124268503812241,0.879435185863378,-0.0836482800947984,"Down"
6,26,0.974510227902128,12.7453267647167,0.107028807376313,1.05985412705817,0.0157578942043499,"Up"
7,26,0.974510227902128,17.5711506011535,-0.948535060055103,1.00978681423299,-0.0346346354910013,"Down"
8,26,0.974510227902128,13.3283097391511,1.31664471072918,0.724519671150809,-0.00862752145395821,"Down"
9,26,0.974510227902128,14.4722004560276,0.722656926345969,1.43282468041757,-0.0552934223539284,"Down"
10,26,0.974510227902128,11.3474516359609,-2.32925346285753,0.705583637515774,-0.057506241007299,"Down"
11,26,0.974510227902128,24.5252179245435,-0.645232545817526,1.47925527172216,-0.140956470405326,"Down"
12,26,0.974510227902128,16.663108657352,-0.234117494341529,0.725757064021953,-0.101885053676509,"Down"
13,26,0.974510227902128,16.1531682024973,-1.10816067338053,0.744810809617304,-0.10290749030153,"Down"
14,26,0.974510227902128,6.54068792557966,-0.273224175602157,1.29468386715448,-0.0256053464672461,"Down"
15,26,0.974510227902128,18.2989594977466,-1.13344115426419,0.975774779262467,-0.0791368657883633,"Down"
16,26,0.974510227902128,9.88188205560144,0.359307953730572,0.57490110068264,0.00676271703460689,"Up"
17,26,0.974510227902128,10.5423921282285,0.335644763865137,1.56992227951324,-0.013326355172405,"Down"
18,26,0.974510227902128,19.5917058551082,0.81098435313938,0.473995131118767,-0.0385865945367564,"Down"
19,26,0.974510227902128,12.7364967674588,0.416456135933571,0.812403771884314,-0.0942373574376572,"Down"
20,26,0.974510227902128,6.2581385999841,1.59411403885386,0.633749316243595,-0.0374977922860499,"Down"
21,26,0.974510227902128,23.8495205494468,-0.386137877288101,0.843335640101511,0.0213478859565345,"Up"
22,26,0.974510227902128,3.1129653730374,-2.15330336743643,1.02696139352897,-0.00212405926226038,"Down"
23,26,0.974510227902128,17.8640576492979,0.025659213079887,0.904781109360405,-0.0341397041441449,"Down"
24,26,0.974510227902128,20.0862462454231,0.649848845025497,0.840585803594684,-0.127779622695656,"Down"
25,26,0.974510227902128,11.8451606666973,-0.401235599512803,0.952049017335224,-0.0431047147745334,"Down"
26,26,0.974510227902128,17.2214352570578,1.40087647763291,1.08409942926735,-0.156611172983772,"Down"
27,26,0.974510227902128,17.1956519419428,1.09476867868607,0.773578695517196,0.0770902257057156,"Up"
28,26,0.974510227902128,20.2031157645726,0.537493298921216,0.536624401364122,-0.013989015645184,"Down"
29,26,0.974510227902128,17.4204969397626,0.0697747577746106,0.75748332178512,0.0452436784630878,"Up"
30,26,0.974510227902128,13.7755811045374,-0.551500633193785,0.564786589220914,-0.0283919562528215,"Down"
31,26,0.974510227902128,19.5799602897011,-0.176943367781943,1.20997732547938,0.0827187575700324,"Up"
32,26,0.974510227902128,19.0031117825488,0.469177847669925,1.75250731924775,-0.0629683863443851,"Down"
33,26,0.974510227902128,10.317154829321,0.96779678824769,0.709185194354724,0.0324159622051051,"Up"
34,26,0.974510227902128,7.99606283002135,-0.296114656814332,0.766722276919505,-0.0168008415052014,"Down"
35,26,0.974510227902128,15.8013876999659,-0.728253258423636,0.769003183105481,0.0143833121335307,"Up"
36,26,0.974510227902128,13.6301881261241,2.4756058618661,1.26682926496368,-0.069138764194836,"Down"
37,26,0.974510227902128,10.0723044371885,0.5185571703497,1.00944775611442,0.0992265847979031,"Up"
38,26,0.974510227902128,15.4196533975752,-0.903603205337453,1.15798838026059,-0.00852874593673668,"Down"
39,26,0.974510227902128,8.40001736756547,0.930979056343251,1.26041491403135,-0.0348757134979554,"Down"
40,26,0.974510227902128,15.806131756631,0.061686497897853,1.07718416597164,-0.077163054804389,"Down"
1,27,0.511036467173973,11.8753580622904,0.826789248521633,1.14379249548695,-0.0834544391676088,"Down"
2,27,0.511036467173973,19.7858213709624,0.0517969525608289,0.705555685988222,-0.104941877667066,"Down"
3,27,0.511036467173973,27.1224457058077,-0.0584290512452095,0.981634259374565,-0.10415018202538,"Down"
4,27,0.511036467173973,10.420103781566,0.0906116207122605,0.831244719619182,-0.00841162341303975,"Down"
5,27,0.511036467173973,20.2883208547149,0.412780797052548,0.676076670758802,0.0439766618958173,"Up"
6,27,0.511036467173973,19.1257486388414,-0.61008573154393,0.704198288340645,-0.000133792045714887,"Down"
7,27,0.511036467173973,14.6490288784732,-0.65536323027314,1.32482829758814,-0.114156560813873,"Down"
8,27,0.511036467173973,12.7317681297149,-0.184779206139361,0.676945781213526,-0.00837797747513389,"Down"
9,27,0.511036467173973,22.8765385341874,0.171301431637089,0.885769599391365,0.0599986867766163,"Up"
10,27,0.511036467173973,4.97271090881877,-0.317376455269396,1.34281682356834,0.0390450549925853,"Up"
11,27,0.511036467173973,11.7840260420317,0.316984562457902,1.10382105620371,0.0820657566451335,"Up"
12,27,0.511036467173973,7.81578278171112,-1.101735412602,1.21616707345124,0.00369969870608035,"Up"
13,27,0.511036467173973,21.9765671947304,-1.43095845286738,1.10452326494307,-0.189164581224601,"Down"
14,27,0.511036467173973,14.0464828367757,1.89201063250808,0.956320088702779,0.0308296191669013,"Up"
15,27,0.511036467173973,12.3766440026516,0.397877113060311,0.516895127409434,0.00194713212740222,"Up"
16,27,0.511036467173973,30.9202223703316,-0.397028133394579,0.833058380640201,-0.10744117738106,"Down"
17,27,0.511036467173973,14.7498136605619,-0.279957848490363,0.661336566457842,-0.0205853220930986,"Down"
18,27,0.511036467173973,12.7812534406674,0.78511853104356,0.89277089661804,-0.0408916702213626,"Down"
19,27,0.511036467173973,16.4993262506807,-0.210320814229356,1.8519370066083,-0.0388491387827507,"Down"
20,27,0.511036467173973,7.15787689622516,0.192114963876683,1.04233941137556,0.014658033934845,"Up"
21,27,0.511036467173973,17.4515132133603,-0.264725626098451,0.805941690547778,-0.0448844014247526,"Down"
22,27,0.511036467173973,14.5191839946002,-0.501391057936759,1.30552822918339,-0.0491332354415468,"Down"
23,27,0.511036467173973,17.3426256126507,0.602189813520256,1.15883116243909,-0.083590130998155,"Down"
24,27,0.511036467173973,10.0881468203107,0.141494558350148,0.976183184902002,-0.00163479239757987,"Down"
25,27,0.511036467173973,9.88508078926028,1.30181266697034,0.933990160918376,0.0244267744914061,"Up"
26,27,0.511036467173973,11.5329266836191,-1.12539685767474,0.957293090291631,0.0101955993576611,"Up"
27,27,0.511036467173973,11.1600521345361,-0.135307406049395,0.978801898620363,0.047115133627429,"Up"
28,27,0.511036467173973,21.4952498334179,-0.208988948819788,1.20425253719663,-0.13563759412475,"Down"
29,27,0.511036467173973,22.8957278090405,-1.07486233391367,1.03903978485819,-0.0211347073096007,"Down"
30,27,0.511036467173973,14.2155402348047,0.997858726258268,0.828438236306793,-0.073181188925365,"Down"
31,27,0.511036467173973,13.2053171970766,-0.107399749074144,1.28442538635028,0.0168335488194819,"Up"
32,27,0.511036467173973,13.3548058478917,-1.38555799043147,0.810972459210334,-0.0163863356355488,"Down"
33,27,0.511036467173973,15.3461823892651,-0.59214062739422,1.48108087868673,-0.071200244273584,"Down"
34,27,0.511036467173973,15.4845211685053,-1.10533356064609,0.745236778158176,-0.0383043312690946,"Down"
35,27,0.511036467173973,16.4501719388279,1.03908851261442,1.25156595445371,0.0621849994816719,"Up"
36,27,0.511036467173973,11.2666052947687,2.54290445686211,1.45839860259377,-0.0243484745743094,"Down"
37,27,0.511036467173973,10.7655180558984,-0.673715819136411,1.4429000409672,-0.102590729276945,"Down"
38,27,0.511036467173973,20.9853883187304,-0.0922300081017977,0.966911553250111,0.038468018722355,"Up"
39,27,0.511036467173973,12.2568631944834,0.279735034290658,1.23079468100408,0.0476918911483972,"Up"
40,27,0.511036467173973,16.5152284761273,2.70895941900681,0.526611365184562,-0.0268737587835897,"Down"
1,28,1.65929362044766,14.7151473309833,-2.32900346367574,1.14255935604583,0.0439680081304234,"Up"
2,28,1.65929362044766,10.2107530392467,-0.513955735696316,0.96774557469938,-0.0340004913032916,"Down"
3,28,1.65929362044766,17.9553095470575,-1.20279475722774,1.19715438723566,-0.0970870869107312,"Down"
4,28,1.65929362044766,15.8655243674648,-0.227624806236914,1.03316584283517,-0.0416732693622443,"Down"
5,28,1.65929362044766,21.9989167810625,-0.275899217586007,1.47467712803793,-0.0172802312195867,"Down"
6,28,1.65929362044766,15.5872979231349,-0.72980880602493,0.950093168873981,-0.000983339422540776,"Down"
7,28,1.65929362044766,13.3422712089957,1.83415571752355,1.24622858127777,0.00583955879104488,"Up"
8,28,1.65929362044766,16.3914745665268,0.257065337064977,0.968713065975746,0.0382643975855918,"Up"
9,28,1.65929362044766,9.07204175482331,2.39358537418796,1.21741379870785,0.00325153197780478,"Up"
10,28,1.65929362044766,10.820529733032,0.823616626218353,0.691162837581471,0.00847698388191661,"Up"
11,28,1.65929362044766,17.5513662556972,-1.26531215025604,1.19957923068811,0.0176744428063021,"Up"
12,28,1.65929362044766,13.3343954938803,-0.753491215068184,0.889694497099605,-0.0365427096291416,"Down"
13,28,1.65929362044766,14.6701952682377,0.273038419162952,1.12574440035305,-0.0626526265695203,"Down"
14,28,1.65929362044766,14.4238914528903,-0.577898941085043,0.769052866601575,-0.0414756061466225,"Down"
15,28,1.65929362044766,11.7474369061274,0.35428968907761,1.17643922881793,-0.0881873465750886,"Down"
16,28,1.65929362044766,4.90655670458791,0.732572641958218,2.45335775424577,-0.016581987893788,"Down"
17,28,1.65929362044766,16.744174850883,0.421122276651071,1.58749317402034,0.00125101775829278,"Up"
18,28,1.65929362044766,18.8081975382343,-0.13461283417085,1.3419363906028,-0.0799641567445548,"Down"
19,28,1.65929362044766,8.55641882324938,-0.643538933862576,0.830518984960558,-0.0690113005169546,"Down"
20,28,1.65929362044766,22.412013592293,-1.28932068916416,1.10236529545404,-0.0909193314094083,"Down"
21,28,1.65929362044766,16.9257741184362,0.340894898598314,0.953609043400939,-0.0252473924598054,"Down"
22,28,1.65929362044766,21.7082014749694,0.922335674092897,0.551265536527117,0.0499840049524004,"Up"
23,28,1.65929362044766,10.2141476437886,-0.0796694097451784,0.93048402696066,-0.0546522733469461,"Down"
24,28,1.65929362044766,15.8339064417713,0.75361765272448,0.909408024318228,-0.0516515186229322,"Down"
25,28,1.65929362044766,14.499930205306,2.227529683524,0.973469198371173,-0.0122409766139178,"Down"
26,28,1.65929362044766,18.8425371594089,1.93382128195771,0.852482926055761,-0.063005806014257,"Down"
27,28,1.65929362044766,12.1207021604365,-0.494905476776135,1.2159779959312,0.023906007089159,"Up"
28,28,1.65929362044766,14.9495116402377,0.546711841395066,1.77815120189322,-0.0379441375488923,"Down"
29,28,1.65929362044766,6.10670425628028,-0.702210637746134,1.41438830649904,0.0304750600247612,"Up"
30,28,1.65929362044766,11.1118927856475,0.68981342390161,1.21903011363541,0.0126357059036724,"Up"
31,28,1.65929362044766,15.6251694183255,-0.0583631400767486,1.01665794809997,0.0145214405273499,"Up"
32,28,1.65929362044766,11.4683925380589,0.277587578066646,1.02297977253648,-0.0955176000712072,"Down"
33,28,1.65929362044766,14.7821525709426,-0.859014614409201,1.41518006093553,-0.114524280984997,"Down"
34,28,1.65929362044766,12.6603701303739,1.20537791583264,1.46887186857824,-0.0144137867530272,"Down"
35,28,1.65929362044766,18.0346506808075,-0.0841799664768694,0.837290616132107,-0.0439016584845561,"Down"
36,28,1.65929362044766,20.8424415437478,-0.445919957955063,1.32968358092647,-0.0472272924442637,"Down"
37,28,1.65929362044766,10.8874929359624,-0.0766213726151868,0.701220468616177,-0.0279199982019492,"Down"
38,28,1.65929362044766,13.4648172070264,0.0763983799958751,0.699214594698784,0.0571103049689273,"Up"
39,28,1.65929362044766,22.1988062918487,1.63686401169385,1.61403136127781,-0.0419694891431856,"Down"
40,28,1.65929362044766,4.00538372908147,-1.11072398833375,1.01114341092834,-0.0577628974600546,"Down"
1,29,-0.0946262288232182,13.4008110412963,2.45899120349098,1.01018615912052,0.0896864645291959,"Up"
2,29,-0.0946262288232182,25.3235214207167,-0.773312386463012,1.34139069235506,-0.00932302814487236,"Down"
3,29,-0.0946262288232182,25.9679503453213,0.174643374960065,0.942709620053974,-0.00215746644437199,"Down"
4,29,-0.0946262288232182,15.7829766167507,-2.05814136474925,0.775692332429995,-0.0840187962616592,"Down"
5,29,-0.0946262288232182,10.6819552469318,-0.654460530329722,1.04238066435499,0.0281240382649957,"Up"
6,29,-0.0946262288232182,15.8272870974522,0.731773364128733,0.598942307133132,0.0562408723463224,"Up"
7,29,-0.0946262288232182,11.7361280202649,0.50523305857902,0.867847013953071,0.0332621867504872,"Up"
8,29,-0.0946262288232182,22.2640864114574,0.410572221752549,0.954066361835934,-0.0688824411447088,"Down"
9,29,-0.0946262288232182,10.9675867214848,-0.466765303532686,0.648710452797785,0.0649799524473974,"Up"
10,29,-0.0946262288232182,16.8645579760437,-1.84357246605783,1.05699428576056,-0.0338641480048864,"Down"
11,29,-0.0946262288232182,18.0992503728435,-1.07282462705942,0.802663319897485,0.0734948449489138,"Up"
12,29,-0.0946262288232182,11.2124491965208,-0.229828765324043,1.39685497056338,0.0155256215739474,"Up"
13,29,-0.0946262288232182,19.2576234075309,0.6216371749907,0.91914387674545,0.0119487107428828,"Up"
14,29,-0.0946262288232182,11.2603501454185,0.837445481389698,0.720867390521228,0.10040876120358,"Up"
15,29,-0.0946262288232182,18.1511991482699,-0.302888049153909,1.07440478656397,0.0461363613415897,"Up"
16,29,-0.0946262288232182,20.4833081655178,-0.151552534412389,0.984161464731167,0.0089098016567816,"Up"
17,29,-0.0946262288232182,10.057785388084,-0.162851522523741,1.01216880940784,-0.0453814766175165,"Down"
18,29,-0.0946262288232182,20.539975204898,0.0578455329557257,1.06677110075611,0.0320255052460863,"Up"
19,29,-0.0946262288232182,12.5523356439379,1.53714488558615,0.888512733492743,0.0418069509747272,"Up"
20,29,-0.0946262288232182,16.4717669421848,-0.726712528090392,0.90666951924578,-0.0374739578206316,"Down"
21,29,-0.0946262288232182,16.0091873614438,-0.204762719552353,1.21458340992243,-0.0200731884884907,"Down"
22,29,-0.0946262288232182,12.864018068309,0.078726292442996,1.62908923135734,-0.0207423381957187,"Down"
23,29,-0.0946262288232182,16.3405143499889,-1.33826589318506,0.561183051289145,-0.0969304802669212,"Down"
24,29,-0.0946262288232182,8.84784537288081,-0.921029235202948,0.960113162604417,0.0238740349271123,"Up"
25,29,-0.0946262288232182,14.3193156390752,0.200261948609106,1.34165602632113,-0.0806936788799438,"Down"
26,29,-0.0946262288232182,19.1289541583259,0.427069127739095,0.702040924511779,0.0077259137912303,"Up"
27,29,-0.0946262288232182,4.12937675385343,1.14009020938031,1.41913000648946,-0.0740305819468917,"Down"
28,29,-0.0946262288232182,7.56036906320873,-0.465705956438507,0.892464783304519,0.0411636308140514,"Up"
29,29,-0.0946262288232182,9.19031221201514,1.45390062123435,1.23655048540393,0.0446393776934148,"Up"
30,29,-0.0946262288232182,7.05455152927285,-0.864556217319535,1.55601759484072,0.0834479779311462,"Up"
31,29,-0.0946262288232182,17.0979151964818,-1.59628307950226,1.30940528079734,-0.0773808571190321,"Down"
32,29,-0.0946262288232182,10.0353582512199,-1.94601344555199,1.43949809388666,0.0301220319760823,"Up"
33,29,-0.0946262288232182,4.17726457335513,1.10405027494058,0.515639130575124,-0.00590286304204549,"Down"
34,29,-0.0946262288232182,11.8121561745978,0.304872111305456,0.682489019227479,0.00748357415557166,"Up"
35,29,-0.0946262288232182,13.046823742626,-0.130421889948526,1.19057930234855,-0.0281443738271227,"Down"
36,29,-0.0946262288232182,19.2839273688906,-0.293613387011894,0.760914530545378,0.00670149540002606,"Up"
37,29,-0.0946262288232182,9.48123932000586,1.58625545540677,0.847417026249967,-0.0505907759441751,"Down"
38,29,-0.0946262288232182,20.8064462786935,1.20114550405925,1.51477463783699,-0.0523055480884234,"Down"
39,29,-0.0946262288232182,16.991813578143,-1.00373971119925,1.03556610352511,0.0270863140611105,"Up"
40,29,-0.0946262288232182,16.8117607881777,-1.39101698281623,1.01368820074131,-0.160459376574662,"Down"
1,30,0.362290458667448,10.7373716484275,1.08529588092986,0.92897292056828,-0.0169026770298273,"Down"
2,30,0.362290458667448,24.7683393994902,0.560611806017342,0.6191741805743,-0.0336064431972507,"Down"
3,30,0.362290458667448,14.1786458395142,-0.510980985089714,0.568830836043856,0.023827645002654,"Up"
4,30,0.362290458667448,5.87551207910834,0.396451965571097,0.936758400960828,0.0160631518066394,"Up"
5,30,0.362290458667448,13.9807176430375,-2.02323110391136,1.11229076223668,-0.0912920520922018,"Down"
6,30,0.362290458667448,5.32777964633975,-0.665141472933446,0.673219780468147,0.0630527131282959,"Up"
7,30,0.362290458667448,13.4474494210666,0.435007205526097,0.58138968704988,0.0452317916981609,"Up"
8,30,0.362290458667448,12.8888649840519,-0.0729116390239619,1.46616880145564,0.0597384995312541,"Up"
9,30,0.362290458667448,18.409148452017,-1.28188764411534,1.16427608235085,-0.0696514326474471,"Down"
10,30,0.362290458667448,20.0474809286875,1.01526613067697,1.15561013684858,0.0873693641868897,"Up"
11,30,0.362290458667448,11.3694751754942,1.16305933920202,1.31670045156537,0.0564553602910481,"Up"
12,30,0.362290458667448,19.0305443418751,-0.940039838457001,1.18107267378573,0.0386023734872291,"Up"
13,30,0.362290458667448,22.1216155483438,-0.185466629123019,0.728585129372828,-0.0755501800276095,"Down"
14,30,0.362290458667448,11.0792799757868,0.730613939460249,1.45505909755568,-0.00998251272274166,"Down"
15,30,0.362290458667448,11.7379781675033,0.863724842718663,0.681671086029115,0.00491484198279287,"Up"
16,30,0.362290458667448,18.2538918157684,-0.528747614634865,0.866254532458763,-0.0842548545438889,"Down"
17,30,0.362290458667448,15.9152398497197,-0.878539839568099,1.1052578833851,-0.0275442784456361,"Down"
18,30,0.362290458667448,17.7438748022214,0.345075406845387,1.08795473177678,0.0280491508374217,"Up"
19,30,0.362290458667448,22.0234214727378,-1.91601821802967,1.19339316674078,-0.0105700068968685,"Down"
20,30,0.362290458667448,16.935415597882,-0.950077589348363,1.30079761174035,-0.00663589276508446,"Down"
21,30,0.362290458667448,20.2585063508769,0.773587127057442,0.784348612061815,0.0636868151530801,"Up"
22,30,0.362290458667448,18.114527311686,-1.7037984055143,0.67961563291633,-0.0601819598752283,"Down"
23,30,0.362290458667448,17.1681019490443,-1.20077712678264,0.704462677253444,0.020550785403724,"Up"
24,30,0.362290458667448,16.9304221909221,-0.240785063614367,1.18808758279176,0.0391655030071932,"Up"
25,30,0.362290458667448,21.4566165222904,-0.302073501137212,0.870379215061504,-0.0811147842162431,"Down"
26,30,0.362290458667448,9.98870063144673,-1.75404475768728,1.13187283691296,-0.119940791306969,"Down"
27,30,0.362290458667448,9.47408635421253,0.50937884189092,1.42603017623377,0.0408204138243762,"Up"
28,30,0.362290458667448,17.959730016986,-1.02145633708376,0.817487069825704,-0.0311063044122966,"Down"
29,30,0.362290458667448,14.4015516793344,-0.158058937403218,1.31970692337395,0.106788773533085,"Up"
30,30,0.362290458667448,15.3700260584248,-0.196572207000955,0.824096408937951,0.0033331771076825,"Up"
31,30,0.362290458667448,18.706386885857,0.696628740831187,1.20327158200909,-0.0107089817305764,"Down"
32,30,0.362290458667448,18.7664752392454,-0.0659814597136106,1.01027480644244,-0.100091834985411,"Down"
33,30,0.362290458667448,13.6866474831911,-0.13434798554826,0.774814344046266,-0.051923152470431,"Down"
34,30,0.362290458667448,13.4372806550145,1.65474084400222,1.32890475635917,-0.0706621745792523,"Down"
35,30,0.362290458667448,15.3679930450393,0.371894882020314,1.24207245553576,0.132414324241177,"Up"
36,30,0.362290458667448,20.3150889464737,0.623540462610103,0.770603060130491,-0.0735304175251141,"Down"
37,30,0.362290458667448,17.130102433395,0.474898626830697,1.01137474743708,0.0214213514674548,"Up"
38,30,0.362290458667448,22.165037554116,0.571634626645242,2.13127293041,0.0537530544127735,"Up"
39,30,0.362290458667448,14.9618156479001,1.33573646703799,0.79807010287077,-0.0193799383549148,"Down"
40,30,0.362290458667448,20.6283380261038,-0.0571041609665933,0.95121624174304,-0.00690012370304883,"Down"
1,31,0.326094016880333,19.4150115550862,0.242843946422432,1.52328307134559,-0.0667090864515326,"Down"
2,31,0.326094016880333,18.0604173045004,1.96963413281427,0.715975508912616,-0.000398120415216132,"Down"
3,31,0.326094016880333,17.0735035338923,-0.530038313429479,2.04239694458856,-0.0354056495565733,"Down"
4,31,0.326094016880333,13.6005880142874,1.29100897953624,0.818574682318568,-0.0402594977721069,"Down"
5,31,0.326094016880333,14.4548124541538,-0.607078196072321,0.855191670712963,0.0154531366560246,"Up"
6,31,0.326094016880333,16.1469774785423,1.71013967532023,0.98850050367581,-0.0430728626499509,"Down"
7,31,0.326094016880333,15.2444444533964,-0.666247379760654,1.38044088017217,-0.0933683177749871,"Down"
8,31,0.326094016880333,19.7161223419311,-0.814372276715255,2.63969358718798,0.0198365019273153,"Up"
9,31,0.326094016880333,14.4534143840678,1.03640262444953,1.15603308554539,0.00496393890785047,"Up"
10,31,0.326094016880333,14.6481153920609,0.964931532612911,1.20428359812023,-0.086881578654585,"Down"
11,31,0.326094016880333,12.5784045621717,0.551710837460081,0.66228546347145,-0.0414977517773793,"Down"
12,31,0.326094016880333,14.3083183572834,0.273188529340283,1.04328305189545,0.0331306025553128,"Up"
13,31,0.326094016880333,14.6561717884808,0.241859803341899,0.492660594302082,-0.0585331863412161,"Down"
14,31,0.326094016880333,3.43132113050292,2.05476070604651,0.925443707220697,0.0445889479474771,"Up"
15,31,0.326094016880333,8.17584151392841,-1.43253449521809,1.55026754885092,-0.0346007487107469,"Down"
16,31,0.326094016880333,14.6375654502402,-0.986336317053269,0.942309959091079,-0.0878164562105766,"Down"
17,31,0.326094016880333,13.6735811256775,-1.27914012290609,0.982855872104303,0.00516909300925332,"Up"
18,31,0.326094016880333,8.99565335896282,0.960755490376344,1.01178226282931,-0.127563413791083,"Down"
19,31,0.326094016880333,5.04230911978491,-0.245641935333867,0.96356161224284,-0.0410208312307892,"Down"
20,31,0.326094016880333,13.2281539004329,-0.130008455896796,1.03046986174257,-0.0156924022335416,"Down"
21,31,0.326094016880333,18.2674788284714,1.78330681833913,0.635482945092244,0.0114070388441088,"Up"
22,31,0.326094016880333,23.8661931596378,-0.579026452784536,0.86566140898724,-0.00516271497956682,"Down"
23,31,0.326094016880333,14.8077160314533,2.02279460124328,0.902599546161,0.0068762850485134,"Up"
24,31,0.326094016880333,22.4659242031386,-1.40944081364363,1.18641008274213,0.0461712380400659,"Up"
25,31,0.326094016880333,15.4151107881798,1.31783561304849,1.06418898317252,0.0820831920139613,"Up"
26,31,0.326094016880333,15.5776605212978,0.323121002574827,0.796460500916092,0.0824510467020649,"Up"
27,31,0.326094016880333,16.6241265667437,-0.388600519991625,1.29007989875199,-0.0803879969157893,"Down"
28,31,0.326094016880333,10.6471137736954,-0.172836903387074,1.4448068233023,-0.0517694857848638,"Down"
29,31,0.326094016880333,14.7414089355256,1.33897466777892,0.681250430408689,-0.0654202488578786,"Down"
30,31,0.326094016880333,19.5422384939613,1.70380587237689,1.05675546629839,-0.0238907948201726,"Down"
31,31,0.326094016880333,11.2513710657391,-1.67846782105134,0.798749635348777,-0.00416276573104396,"Down"
32,31,0.326094016880333,13.3919696505602,3.42109460835705,0.833230837491198,0.019595467784594,"Up"
33,31,0.326094016880333,9.26114624770373,2.57794265437777,1.13423576282066,-0.00532583472546228,"Down"
34,31,0.326094016880333,16.7717609822468,-0.52532183465562,1.28731021734938,-0.0234612673385104,"Down"
35,31,0.326094016880333,17.1239989119451,-0.0643819052069338,1.12080489228064,-0.0336426279705452,"Down"
36,31,0.326094016880333,18.2417367561204,-0.663547355536672,0.851757600471856,-0.0592749146378455,"Down"
37,31,0.326094016880333,8.90094984241549,-0.0930010885901879,1.40342208822256,-0.0468685242090106,"Down"
38,31,0.326094016880333,15.5361751737738,0.739859438245835,1.36283472833319,-0.0492144876308132,"Down"
39,31,0.326094016880333,10.2797115417508,0.103362814930562,0.743181657167075,-0.0335995651079736,"Down"
40,31,0.326094016880333,14.9980767564199,0.192006998204335,1.09850543190471,-0.0800321894572787,"Down"
1,32,0.377426518666368,21.7131196000304,1.47880760269639,0.706169891368358,0.0566447862129253,"Up"
2,32,0.377426518666368,12.4823735653286,-2.20386847858085,1.55273836880306,0.0724599473027565,"Up"
3,32,0.377426518666368,18.5834166046941,-0.491443047401821,1.0843902781439,-0.0817692885114194,"Down"
4,32,0.377426518666368,11.2516570795815,0.144417271262889,1.37732139709322,0.052612979558782,"Up"
5,32,0.377426518666368,12.6073589477485,-0.783100637317684,1.12349362731102,-0.0101005926466913,"Down"
6,32,0.377426518666368,17.1936087529331,1.06096624028704,0.968040730130532,-0.00488426541547035,"Down"
7,32,0.377426518666368,11.6044386477107,-0.445505642122027,1.25250627337474,-0.0106712387743357,"Down"
8,32,0.377426518666368,6.48517582427282,-0.429180153772765,0.718208527356216,0.0124778490287865,"Up"
9,32,0.377426518666368,21.3258421760667,1.18901180052985,0.650636133390902,-0.0013361207524735,"Down"
10,32,0.377426518666368,16.8017861893992,0.834294073061504,0.827500066390726,-0.0501900586401383,"Down"
11,32,0.377426518666368,12.0818027971996,-0.150307477864079,1.08229673036958,-0.00476842797134818,"Down"
12,32,0.377426518666368,5.029606063347,-0.327757132786462,0.883285835584975,0.0342077592732162,"Up"
13,32,0.377426518666368,24.5110488569965,-1.44816529018399,0.869762039494591,-0.0358026775298583,"Down"
14,32,0.377426518666368,31.9518541063577,-0.697284584551621,1.31818455286564,-0.0845961162101111,"Down"
15,32,0.377426518666368,16.0374020367773,2.59849023212988,0.860141976709209,-0.0788837028692943,"Down"
16,32,0.377426518666368,19.2490332375559,-0.0374150136340493,1.33955445384394,0.0167578042853068,"Up"
17,32,0.377426518666368,21.1228015603708,0.91349189044332,0.793040667691811,-0.011524581019999,"Down"
18,32,0.377426518666368,11.490977832307,-0.184526498264729,0.925940770797799,-0.0409918525051021,"Down"
19,32,0.377426518666368,13.2440188522173,0.609824296161446,0.780442663136539,0.0043063558992726,"Up"
20,32,0.377426518666368,6.36439481677402,-0.0527268089879745,0.87997674633279,-0.0431959875851098,"Down"
21,32,0.377426518666368,11.3171088386406,1.36392195568146,0.705739520640324,-0.00564748540806245,"Down"
22,32,0.377426518666368,18.1120489144306,-0.503633417134383,1.14350269548322,-0.00203408649243894,"Down"
23,32,0.377426518666368,13.5464200537956,-1.7090601686817,1.42574472273311,-0.124243332390405,"Down"
24,32,0.377426518666368,13.9289423290846,0.898549683127699,1.08872534996417,-0.0553480211251645,"Down"
25,32,0.377426518666368,14.4372022424874,-0.237734026494317,1.67143134708864,-0.080400251815613,"Down"
26,32,0.377426518666368,5.68166508752198,1.46340758053025,0.611384023165375,-0.060354746630906,"Down"
27,32,0.377426518666368,19.1881496711584,0.124378266479307,0.798144498441186,0.0653255591321076,"Up"
28,32,0.377426518666368,7.7825355553229,1.45374084383311,1.17045588803214,0.058674456393164,"Up"
29,32,0.377426518666368,13.9571491879218,0.350226959507424,1.20926626911324,0.0285424805280522,"Up"
30,32,0.377426518666368,12.8071826897058,-0.349025479659772,1.10307200116401,-0.0317366023559716,"Down"
31,32,0.377426518666368,13.907030915719,0.725598607819829,1.68827196117189,0.0508664008268348,"Up"
32,32,0.377426518666368,22.2998297236789,-0.45923842962147,1.65304140997727,-0.0798129045434919,"Down"
33,32,0.377426518666368,12.0897004104232,1.68475923125394,0.645460470967814,-0.0995912132550221,"Down"
34,32,0.377426518666368,11.0845120214405,0.146584016803509,0.882301648926454,-0.160445455130471,"Down"
35,32,0.377426518666368,7.40173002528078,-2.02985709292959,0.650372494870812,-0.00884916752504202,"Down"
36,32,0.377426518666368,10.9715095919438,-0.472170080106029,0.734010319140507,-0.0106403796890305,"Down"
37,32,0.377426518666368,9.16907646316131,-1.63237192678704,1.07732047678707,-0.0588953416184229,"Down"
38,32,0.377426518666368,17.0397309812415,-2.1783553060946,1.11117979827,-0.0014247240082679,"Down"
39,32,0.377426518666368,10.6849787699606,0.0592086510876087,0.791254586923631,-0.00715714896915727,"Down"
40,32,0.377426518666368,16.5202101751407,0.647860636697636,1.09469975952941,-0.023812512546941,"Down"
1,33,0.561218449969203,14.2678625607604,-0.761426888665313,0.803843541830981,0.04621550322974,"Up"
2,33,0.561218449969203,7.83218910044598,-1.32884232612394,1.0776946331153,0.0531239351902632,"Up"
3,33,0.561218449969203,11.0469610713865,-0.602030747228367,1.03452623365244,0.036409062506575,"Up"
4,33,0.561218449969203,19.4255622752884,-1.55052527235048,0.918325134356141,0.00530732273065301,"Up"
5,33,0.561218449969203,19.5153804297728,0.70300179515007,0.749740794971195,-0.0607730750969728,"Down"
6,33,0.561218449969203,25.0278663715031,0.574503005108307,0.869708206839846,-0.0263320552511955,"Down"
7,33,0.561218449969203,14.9820984580011,-1.59529150956621,1.15875234454635,-0.0257145562938556,"Down"
8,33,0.561218449969203,7.5208659300893,-0.624068861570706,0.862211608313003,-0.00661007808503402,"Down"
9,33,0.561218449969203,11.1579148649242,1.04721605508961,0.906964166393821,0.0502896866540242,"Up"
10,33,0.561218449969203,17.0424425242007,-0.168059235328074,0.725475334921333,-0.0858619932132185,"Down"
11,33,0.561218449969203,24.5006816744736,0.00951589246488358,0.877889595193612,-0.0848920942392908,"Down"
12,33,0.561218449969203,15.5500456171986,0.417240223978003,0.992570741251774,-0.0143162008854357,"Down"
13,33,0.561218449969203,20.7019341256423,0.626834196680769,0.803536512003045,-0.0852844055968788,"Down"
14,33,0.561218449969203,18.8404065234613,1.20624313870859,0.891532219285561,0.0481413454768614,"Up"
15,33,0.561218449969203,9.15954188941333,0.772565368613624,0.718774043141076,-0.0144854876177812,"Down"
16,33,0.561218449969203,14.1444367386757,-1.37756706406485,1.25200895745882,-0.156679441955822,"Down"
17,33,0.561218449969203,21.5263076817384,-0.362426925315183,1.94047454380734,-0.0322021727526228,"Down"
18,33,0.561218449969203,19.3804805479796,0.302298495796781,0.880232617233152,-0.00274049435282513,"Down"
19,33,0.561218449969203,17.318980707839,-0.109079876118132,1.15027366794098,-0.0540573332800744,"Down"
20,33,0.561218449969203,17.3855712268844,-2.17916528120393,1.60735542311492,-0.092146598363504,"Down"
21,33,0.561218449969203,12.542973498953,-0.758114724994385,0.891069146750619,-0.01630889110539,"Down"
22,33,0.561218449969203,8.40307343327899,1.01455115132308,0.88980806641584,0.0565285511842534,"Up"
23,33,0.561218449969203,21.4771289541565,0.158047162065185,1.21431792775823,-0.0396565000822841,"Down"
24,33,0.561218449969203,7.89890254166535,-1.47256043761472,0.751485218143543,0.0364053708550977,"Up"
25,33,0.561218449969203,10.3055204014709,0.215926206229537,0.949384925487641,0.0597225723213673,"Up"
26,33,0.561218449969203,18.1448249625992,-0.158707473207847,0.847088991978472,-0.0787196686804825,"Down"
27,33,0.561218449969203,8.68902725305199,0.671853873401115,0.748000893009803,0.0367279836703487,"Up"
28,33,0.561218449969203,12.240647933636,2.10655860175097,1.13451901706629,-0.00553715834403353,"Down"
29,33,0.561218449969203,9.08600246608761,-1.51590013106286,0.959211037881205,-0.0079723131854796,"Down"
30,33,0.561218449969203,18.1033177886448,-0.505063521990801,1.91718456549129,0.0680415509549891,"Up"
31,33,0.561218449969203,17.2315650831905,-0.138762940342402,0.426174936259109,0.034835015692971,"Up"
32,33,0.561218449969203,17.1094234663684,-2.13620500038377,1.21359202642982,-0.0518232241851712,"Down"
33,33,0.561218449969203,17.2123238607282,-0.031219995960159,0.781612244742641,-0.0892892452558442,"Down"
34,33,0.561218449969203,17.7862287318947,-0.593169037912431,0.917714672565286,3.45759349192724e-05,"Up"
35,33,0.561218449969203,18.1967824598526,2.23560276857964,0.721343166992232,0.025458665869044,"Up"
36,33,0.561218449969203,5.15669221662889,-2.91797621388336,1.18948465066698,0.0331170326616915,"Up"
37,33,0.561218449969203,14.2559181932007,1.48822116820748,1.50174134399264,0.0660812092172651,"Up"
38,33,0.561218449969203,15.5623190627595,1.00802466769112,1.15804548832635,0.00266788754448441,"Up"
39,33,0.561218449969203,18.6233810132388,0.735091629620298,0.760669009463691,-0.00179467524704358,"Down"
40,33,0.561218449969203,9.06256961997358,0.146811992724805,1.62310866692895,0.0104336393083932,"Up"
1,34,-0.0607191974015581,12.5019990509204,-0.710800295204202,0.952068779262823,0.0436097661716857,"Up"
2,34,-0.0607191974015581,9.63178504624421,1.10563140078162,1.05508529345254,0.00964834810285231,"Up"
3,34,-0.0607191974015581,20.2862010635484,-0.885747065035595,0.98533697605179,-0.0382450746204157,"Down"
4,34,-0.0607191974015581,21.3953629160467,0.694761817861876,0.937310929127537,-0.0623660906991866,"Down"
5,34,-0.0607191974015581,18.9383836267962,0.402639185314637,1.02459060690906,-0.00991954593854342,"Down"
6,34,-0.0607191974015581,8.88798308711505,1.07623819643517,0.734059037548214,0.00127745976102475,"Up"
7,34,-0.0607191974015581,17.2597605836833,-0.596546431488492,1.41335087307999,-0.0126817563857896,"Down"
8,34,-0.0607191974015581,20.7522459319046,-0.580987627977025,1.21397325932745,-0.0373157272654356,"Down"
9,34,-0.0607191974015581,15.8397049036823,0.302076563812211,1.02393041132075,-0.035514215649017,"Down"
10,34,-0.0607191974015581,12.1694533355202,0.305685155514337,1.32793050479162,0.0412162950981469,"Up"
11,34,-0.0607191974015581,9.56940879694325,1.37399835400225,0.693055887558213,-0.00353621117427472,"Down"
12,34,-0.0607191974015581,11.6734860221992,0.485399428386068,1.38477640902755,0.0740075115094192,"Up"
13,34,-0.0607191974015581,18.5742417797467,0.144840039347648,1.06566664604463,-0.0512320136669935,"Down"
14,34,-0.0607191974015581,12.8416944980904,0.842619843915447,1.16295747514393,-0.0939970453854628,"Down"
15,34,-0.0607191974015581,16.1380746997004,-0.543607815762763,0.872219995719542,-0.0188527534609668,"Down"
16,34,-0.0607191974015581,21.4747289783515,1.0929718962791,0.790817486144128,0.0385906954902599,"Up"
17,34,-0.0607191974015581,17.8916747023473,-1.02254160386159,0.848860077279663,-0.0220564512883015,"Down"
18,34,-0.0607191974015581,21.8233639073677,0.338147371372873,1.36461988029723,-0.0917655936754431,"Down"
19,34,-0.0607191974015581,6.49210098669797,-1.70684576361273,1.38712463473008,-0.0441384923401946,"Down"
20,34,-0.0607191974015581,13.596618601431,0.246449258206672,1.59434296855966,-0.00849337612091555,"Down"
21,34,-0.0607191974015581,15.325340097461,-1.56796313114203,0.981572735395035,0.0483214560161088,"Up"
22,34,-0.0607191974015581,17.8929464580426,-0.231484944965333,0.797066685680276,0.0466320922483248,"Up"
23,34,-0.0607191974015581,9.15396689235515,-1.75745545006646,1.5554110509184,0.023845856553923,"Up"
24,34,-0.0607191974015581,19.0309242772364,-0.639619829898748,0.62776871502241,0.00747067173780741,"Up"
25,34,-0.0607191974015581,16.5369503808117,-0.776166909934286,0.953452555454181,-0.0532515127995625,"Down"
26,34,-0.0607191974015581,16.3190300680236,0.554774652987968,1.19838774301429,0.0355690629562689,"Up"
27,34,-0.0607191974015581,17.5424239580252,-0.582122130085705,0.705615066531205,0.0496063137585373,"Up"
28,34,-0.0607191974015581,14.418207800615,-0.768595101872549,0.626235528435142,0.0260858722179655,"Up"
29,34,-0.0607191974015581,19.6277304924956,1.22151568781476,1.15807098356097,0.0525962080393735,"Up"
30,34,-0.0607191974015581,18.2411488686574,1.66917040967207,1.62631245147335,0.0112784949807794,"Up"
31,34,-0.0607191974015581,14.2489531291615,1.09348038421025,0.807008596355546,0.0507820480865728,"Up"
32,34,-0.0607191974015581,20.2018850967035,-1.49124250514145,0.81382800518275,0.0481297557822623,"Up"
33,34,-0.0607191974015581,16.4627934247309,1.27665308259526,0.753910868247251,-0.0482400087100807,"Down"
34,34,-0.0607191974015581,18.3437569971973,-1.2285375707397,1.56114230438607,0.054732775177747,"Up"
35,34,-0.0607191974015581,12.0291117918789,-0.0719510219818068,0.808656897898953,0.0319899423073673,"Up"
36,34,-0.0607191974015581,22.9021591849296,0.734458203312735,0.777841003066428,0.0255659835309153,"Up"
37,34,-0.0607191974015581,14.9800552782501,-0.213887080390025,0.78567740515606,-0.0045621189335376,"Down"
38,34,-0.0607191974015581,19.2392138444674,-0.150392803617815,0.838306748709006,-0.0614180901820121,"Down"
39,34,-0.0607191974015581,14.4994173705365,0.125382426230552,0.835842247735024,-0.0686164551578297,"Down"
40,34,-0.0607191974015581,13.601850465097,0.427858022106523,1.19953531268477,0.0104693813761221,"Up"
1,35,-0.410819371219475,18.9221912264,0.411350679073257,1.09474168772275,-0.0143988439080336,"Down"
2,35,-0.410819371219475,7.07691677704413,-1.72636125386664,1.15306599375196,0.0418646160943668,"Up"
3,35,-0.410819371219475,17.3918307389702,-0.175648234059894,0.827736769010284,-0.00637392831423518,"Down"
4,35,-0.410819371219475,16.9678318649741,0.286838523204975,1.24278433396434,-0.0219978016741573,"Down"
5,35,-0.410819371219475,1.52335315437742,0.590740011639347,0.401342359023448,0.0818091635717978,"Up"
6,35,-0.410819371219475,16.8418866426663,-0.31736028416263,1.40257614799324,-0.0206050116106201,"Down"
7,35,-0.410819371219475,4.15791126326497,-0.702651640434172,1.06178761293887,-0.0376174614177614,"Down"
8,35,-0.410819371219475,18.2990218844636,-1.36758780159598,0.885563905186166,0.0163898942142225,"Up"
9,35,-0.410819371219475,12.730431333094,-0.728807248919832,1.15333558161142,0.0674975147184467,"Up"
10,35,-0.410819371219475,11.5253158738255,-0.121524925642922,0.692853553121596,-0.0514604700440758,"Down"
11,35,-0.410819371219475,14.9657684841367,-0.635206048873192,0.827112907747054,-0.0210044235616626,"Down"
12,35,-0.410819371219475,21.86526022492,0.594702688120578,1.03329371865633,-0.0244029607007685,"Down"
13,35,-0.410819371219475,11.8233846139105,0.367501230897759,0.625773386860484,0.00197203890712238,"Up"
14,35,-0.410819371219475,17.7905164697439,-1.60873843468627,0.987998963973681,0.00192247554880924,"Up"
15,35,-0.410819371219475,16.7057893421094,0.317331844798329,0.989160199764227,0.0338549798804025,"Up"
16,35,-0.410819371219475,9.10240685429221,0.541704658217943,0.919727660049382,0.0542312503442709,"Up"
17,35,-0.410819371219475,6.29488991333015,-0.261326989914513,0.678453839750445,-0.0378167403861764,"Down"
18,35,-0.410819371219475,5.03707114380429,-0.0264957619663642,1.41912465563661,-0.00160187558977253,"Down"
19,35,-0.410819371219475,17.7563710573394,-0.432238306953734,0.640432074421186,0.0325116534817335,"Up"
20,35,-0.410819371219475,14.8262896923435,-0.293386742786612,0.642019807415531,-0.0345905563868073,"Down"
21,35,-0.410819371219475,24.2528585180531,-1.00704012536731,0.839631556250039,0.00550148789410163,"Up"
22,35,-0.410819371219475,17.8683755413152,0.425207599639901,1.59168171118557,0.0835379303773887,"Up"
23,35,-0.410819371219475,19.248479455413,-1.22481659233549,1.03258449641844,-0.0841308006601514,"Down"
24,35,-0.410819371219475,21.6719179266748,-0.590464655327117,1.08098214199374,0.0219451326662512,"Up"
25,35,-0.410819371219475,12.4964045101751,-0.91363806913849,0.937258072381494,-0.0118580522884201,"Down"
26,35,-0.410819371219475,17.5504896411424,-0.870917714356669,1.08464660417051,-0.0603659704484468,"Down"
27,35,-0.410819371219475,19.3439663512208,-0.368555639793573,1.2091973280313,0.000906523080360303,"Up"
28,35,-0.410819371219475,21.8467584400151,-0.485252516092759,1.23644558465629,-0.016488284112514,"Down"
29,35,-0.410819371219475,18.8132557316318,-0.699961879182035,1.50863375089774,-0.0658223051143538,"Down"
30,35,-0.410819371219475,17.1057358651867,-0.253433896782625,0.791823440862913,-0.00484456170131002,"Down"
31,35,-0.410819371219475,10.6588797636439,-1.58489760807918,0.953673352971955,0.0176503009958962,"Up"
32,35,-0.410819371219475,18.6478018047885,0.111038367521325,1.13208560414984,-0.0188252592158306,"Down"
33,35,-0.410819371219475,17.5013293620914,0.631846158956852,1.28084845985435,0.0882117193626036,"Up"
34,35,-0.410819371219475,18.1712512685346,-1.28309869203391,0.904921866260593,0.0614719288152096,"Up"
35,35,-0.410819371219475,17.1182252278613,-1.41310062159301,1.21559320185213,-0.0512120097717799,"Down"
36,35,-0.410819371219475,13.99080977645,2.23199711011046,0.84828738357156,0.0791278190415791,"Up"
37,35,-0.410819371219475,14.6156705078299,0.239507240812717,0.902629656122062,0.0609671334772535,"Up"
38,35,-0.410819371219475,18.4368205664076,0.0531929269048023,1.35478548734358,-0.0420272994158528,"Down"
39,35,-0.410819371219475,15.8581575346227,-0.198507455577018,0.568458850750853,0.0738814772507878,"Up"
40,35,-0.410819371219475,10.8494571283651,0.492647761120744,1.06872251311679,0.083874747577782,"Up"
1,36,-1.28846231743409,13.5492044009717,0.037241061093232,1.32019835927509,0.0363571464777863,"Up"
2,36,-1.28846231743409,8.40437137911745,-0.545911952356732,0.901736351830011,0.0490501483187559,"Up"
3,36,-1.28846231743409,10.1648404866554,-0.432476067022042,1.20617804360148,-0.046819280323213,"Down"
4,36,-1.28846231743409,14.2769446493224,-0.344484706333552,0.809006046327891,0.0966948318805823,"Up"
5,36,-1.28846231743409,6.00933721812537,-0.319669395772421,1.0527041392602,-0.0232256959408741,"Down"
6,36,-1.28846231743409,6.55728762704211,-0.751698873596972,1.00293793436958,-0.0142822919532935,"Down"
7,36,-1.28846231743409,20.5128259971804,1.07410152344092,0.991459166480943,0.0307197223476035,"Up"
8,36,-1.28846231743409,12.1169053789428,0.0938221556594885,0.681992799410404,0.0123938992421007,"Up"
9,36,-1.28846231743409,5.74154135224256,-0.773066829488245,0.952394049469318,0.0881990216426272,"Up"
10,36,-1.28846231743409,14.4356838028551,0.591248734948418,0.78334207546579,-0.0276521773701048,"Down"
11,36,-1.28846231743409,21.6053463361076,0.350228478678131,0.897733357164664,-0.0263394606067976,"Down"
12,36,-1.28846231743409,18.3112714846732,-0.137579581182907,1.35971238882817,0.0111784719305019,"Up"
13,36,-1.28846231743409,17.2069159917682,0.400881867040071,0.84368356757837,0.0348991347601368,"Up"
14,36,-1.28846231743409,20.9187295613992,-0.906378995284437,0.990229298207349,0.139543435664393,"Up"
15,36,-1.28846231743409,11.1424927944955,-0.198840252562067,1.03138966946127,-0.0598295288420311,"Down"
16,36,-1.28846231743409,18.6484459567602,-0.999154704327225,0.944745395704842,0.0493782601827908,"Up"
17,36,-1.28846231743409,12.0645719211057,-1.1838104344236,1.2735740329096,0.0428877474814637,"Up"
18,36,-1.28846231743409,15.0038209318126,-0.331398650181689,0.987346391565186,0.0580567032725084,"Up"
19,36,-1.28846231743409,26.0723265967006,0.168024801248484,1.04756609397701,-0.0660835988919382,"Down"
20,36,-1.28846231743409,19.8471719785463,-0.913005530683512,0.765608481898575,0.0121311646914198,"Up"
21,36,-1.28846231743409,18.8400385685861,-0.17505812828446,0.891653457129671,-0.0262745626601292,"Down"
22,36,-1.28846231743409,9.4583604409092,-1.83044612088624,0.823574447564854,-0.0911858749521912,"Down"
23,36,-1.28846231743409,11.0688204000264,-0.446737251934726,1.15290343605166,-0.0416399079975499,"Down"
24,36,-1.28846231743409,26.420582401308,1.17066727472609,1.41263771550384,-0.049684019825594,"Down"
25,36,-1.28846231743409,9.53349618013345,-1.15141589767973,0.870933679377133,0.0823066020637122,"Up"
26,36,-1.28846231743409,16.0723968764254,-1.19293202004669,0.514490228839633,-0.037117750581818,"Down"
27,36,-1.28846231743409,19.4628552981854,-0.21986145850709,0.775960368398731,0.0431271820935295,"Up"
28,36,-1.28846231743409,20.0937898617113,0.534670732983126,0.755570059907424,0.0328402503834683,"Up"
29,36,-1.28846231743409,20.4455600545962,1.23610916552029,1.42507783912664,-0.0344629189299572,"Down"
30,36,-1.28846231743409,14.1843550505739,2.65374072860382,1.04383152841353,0.0479542611746839,"Up"
31,36,-1.28846231743409,10.8950665144,0.800893238074751,1.59906844500908,0.0379524928187167,"Up"
32,36,-1.28846231743409,13.4637138350568,0.671453526553663,1.12780271334646,-0.0483542175783952,"Down"
33,36,-1.28846231743409,10.4895099573027,2.02792411706594,0.628595592526831,0.0558552054432177,"Up"
34,36,-1.28846231743409,18.1353437155749,-0.300924303869464,1.16006169085709,-0.00276715890931238,"Down"
35,36,-1.28846231743409,20.6017751421305,-0.213349405510672,0.79903049422567,-0.0142057412745568,"Down"
36,36,-1.28846231743409,25.6360677624676,0.253270149612449,1.00018102420001,-0.0461166214142261,"Down"
37,36,-1.28846231743409,16.8305719146586,-1.42008804484053,0.969964300919796,-0.013011114627181,"Down"
38,36,-1.28846231743409,10.6260931140316,-1.83543665542799,0.957703121786897,-0.0585364180300813,"Down"
39,36,-1.28846231743409,20.1223743149661,1.80678937403827,0.9053707804612,0.00866619432836585,"Up"
40,36,-1.28846231743409,19.5237944684765,-0.574995742510381,1.77955342213188,-0.0125716443142881,"Down"
1,37,-2.03697482660252,13.8087565204859,-0.457880856793051,1.57295569443146,-0.00331144822447883,"Down"
2,37,-2.03697482660252,7.21072548063843,-0.992955765989436,0.765837464248754,0.0656810788211346,"Up"
3,37,-2.03697482660252,18.8065494769696,0.144072596665995,1.06141620844752,-0.0233666574803692,"Down"
4,37,-2.03697482660252,20.6457219782081,0.591140522435689,1.41256811231832,0.00221692623464288,"Up"
5,37,-2.03697482660252,13.5244608464703,-0.228611237873408,1.39202242431088,0.0539966504494583,"Up"
6,37,-2.03697482660252,17.6812140917901,0.0147046935473733,0.764437573321463,0.0779053655866881,"Up"
7,37,-2.03697482660252,13.6205476262474,0.951392914928735,1.52644311826822,0.0123650627238472,"Up"
8,37,-2.03697482660252,18.4115762256876,-0.0107680770137928,0.809467431842272,0.0105842581868191,"Up"
9,37,-2.03697482660252,14.4135464264258,-0.561343472177005,1.03872371247135,0.0641155422554003,"Up"
10,37,-2.03697482660252,13.2766206803997,-0.0606100814465088,1.05193017773447,0.028583357193049,"Up"
11,37,-2.03697482660252,15.5581024909861,-0.842326346047997,0.562143941978323,0.0245596090246582,"Up"
12,37,-2.03697482660252,13.5829734250885,0.10188808363953,0.960796908291093,0.000624379063440652,"Up"
13,37,-2.03697482660252,12.0449141777286,-0.897925784148349,0.532530038902029,0.0140901305091714,"Up"
14,37,-2.03697482660252,13.420315343788,1.39392544527667,0.554381860246669,0.0226184469237164,"Up"
15,37,-2.03697482660252,14.9592392383723,-2.48652390438096,1.10092928722596,0.0260656571290366,"Up"
16,37,-2.03697482660252,16.0374757035924,0.401294135810679,1.10779663182046,0.00688086700434663,"Up"
17,37,-2.03697482660252,22.6621181081292,-0.488027222960909,1.33950535828837,-0.0136617149274931,"Down"
18,37,-2.03697482660252,8.21001084523258,1.9871488081498,1.12059955547686,0.0230184539877801,"Up"
19,37,-2.03697482660252,14.0019047472353,-0.234463430687309,0.816988068159888,-0.011232765407057,"Down"
20,37,-2.03697482660252,18.1576156389041,0.481837360399392,0.786456298753888,0.0878301210028094,"Up"
21,37,-2.03697482660252,23.8101045172143,0.386893969204339,1.27298731138786,-0.0463691030108946,"Down"
22,37,-2.03697482660252,17.1300718130775,0.247672409336777,1.54544314524941,0.072543101815781,"Up"
23,37,-2.03697482660252,14.931232917623,0.518119835350654,1.27078918540353,0.0144421062587268,"Up"
24,37,-2.03697482660252,13.4622154520182,1.99741373388409,1.06724166497864,-0.0761929917276417,"Down"
25,37,-2.03697482660252,17.0715408205414,0.927508823680672,0.979513598211596,-0.0100966472690272,"Down"
26,37,-2.03697482660252,19.9452896009819,0.19642414887758,1.62991047277485,0.0641094401107316,"Up"
27,37,-2.03697482660252,14.0807084472697,1.79026621898744,0.473546060498689,-0.0401140187072957,"Down"
28,37,-2.03697482660252,15.8188070342328,0.58319774918996,1.34699034590027,0.0214731543344511,"Up"
29,37,-2.03697482660252,16.0846817207219,0.650333599101656,0.950935935048146,-0.0454626057232918,"Down"
30,37,-2.03697482660252,18.6463881710483,1.2450301486185,0.713102326175159,0.0190075245277361,"Up"
31,37,-2.03697482660252,20.5569020351234,0.161106626019968,1.28530830047656,0.0577290786742118,"Up"
32,37,-2.03697482660252,16.3958040846982,0.725490691457639,0.745214193445131,0.00641204146671592,"Up"
33,37,-2.03697482660252,14.6191466422641,-0.274480218132268,1.10871512129961,0.0585076990015249,"Up"
34,37,-2.03697482660252,21.9733156610429,0.124836065396146,1.05723855108357,0.0426627010628985,"Up"
35,37,-2.03697482660252,15.8226705880279,0.0396426273274589,1.04326986722567,0.0726642095485416,"Up"
36,37,-2.03697482660252,22.8892598939674,-0.63973303753229,0.573711156588755,0.0688624552582892,"Up"
37,37,-2.03697482660252,14.6903867119023,2.03465321892986,1.04993263548422,0.0746221704893043,"Up"
38,37,-2.03697482660252,18.0696148209684,-0.558897599388836,0.862471056044167,0.0235874013977054,"Up"
39,37,-2.03697482660252,7.2695570287738,-0.355779410672021,0.80966433376681,0.0168223296127579,"Up"
40,37,-2.03697482660252,14.438040193313,1.32441739035745,0.701112996316264,0.0280207511574702,"Up"
1,38,-1.43666260811421,14.8910273001956,-0.0206222292289781,0.710625682105932,0.0250309598257715,"Up"
2,38,-1.43666260811421,11.2082729129173,1.16812642718924,0.775939255731589,-0.0296836123543425,"Down"
3,38,-1.43666260811421,9.82053557788851,-0.607357120914811,1.45367832836177,-0.0258279700539812,"Down"
4,38,-1.43666260811421,19.7407965127591,-0.0128416593054387,1.23188991149622,-0.0249721132583893,"Down"
5,38,-1.43666260811421,19.5707936696386,-0.250936878426421,1.08594409696149,-0.0273481407321781,"Down"
6,38,-1.43666260811421,8.5063400257677,-0.969113640406662,1.67354742787241,-0.0122741757354826,"Down"
7,38,-1.43666260811421,17.1218939746717,-0.303311953367009,1.62194226353108,-0.000321016187642082,"Down"
8,38,-1.43666260811421,9.43727340022457,-0.655267139665184,1.31112851792435,-0.0357020774553501,"Down"
9,38,-1.43666260811421,9.74463386909221,0.857447324947049,0.701150588220878,-0.0975050946026084,"Down"
10,38,-1.43666260811421,17.6270622413318,-0.290983583023627,1.5371407074416,0.103371779295304,"Up"
11,38,-1.43666260811421,11.5698799995347,-0.0827812044442989,0.941163888245161,-0.0334640110261822,"Down"
12,38,-1.43666260811421,19.9673999106111,-0.827844692804802,0.929785476963226,0.0466560855818528,"Up"
13,38,-1.43666260811421,15.1926179953767,0.21519900561093,1.073862579529,-0.0234493359816806,"Down"
14,38,-1.43666260811421,17.6807448789286,-1.61193635690363,1.01906069387758,0.0205703709123462,"Up"
15,38,-1.43666260811421,12.3818665105692,-2.94987178428323,0.862289673982585,-0.0168523045328784,"Down"
16,38,-1.43666260811421,9.24389332528204,1.88010634326583,1.22809089106658,0.0495622652836345,"Up"
17,38,-1.43666260811421,19.5737612050138,0.757261697422699,0.865357340346806,-0.0870981416018456,"Down"
18,38,-1.43666260811421,16.1903574578136,0.634728634060444,0.844138625031665,0.0218944383922185,"Up"
19,38,-1.43666260811421,13.8046612027265,-2.23650826580299,0.926549301308089,-0.0138928564181595,"Down"
20,38,-1.43666260811421,15.3461766327287,0.677129117027189,0.796200005604331,0.0800652595775926,"Up"
21,38,-1.43666260811421,21.6295417129962,0.519814270578053,1.04718394266676,-0.0138267330886558,"Down"
22,38,-1.43666260811421,11.5091668268996,-0.0776550413999491,0.971245462113139,-0.0120484953246303,"Down"
23,38,-1.43666260811421,11.2529577776841,0.825038762653747,0.91505585403232,-0.078962082386567,"Down"
24,38,-1.43666260811421,11.9019247364632,1.1205690307062,1.14928201713129,0.0222424129006182,"Up"
25,38,-1.43666260811421,7.07504365895067,-0.122163599186946,0.578423325388848,0.0405920790800288,"Up"
26,38,-1.43666260811421,19.0981406875187,1.94533707765883,1.07867406963606,0.00051235891299436,"Up"
27,38,-1.43666260811421,15.9618482337212,0.988362699499805,1.31045509329312,-0.0178744427319213,"Down"
28,38,-1.43666260811421,16.0358598710896,1.22438538128579,1.30230035808743,0.0307105975547734,"Up"
29,38,-1.43666260811421,14.7832632282616,-0.315117614832637,1.95332105614089,-0.0571611641764849,"Down"
30,38,-1.43666260811421,12.4491977928795,-0.131122855661501,0.825347764194211,0.0226857338102004,"Up"
31,38,-1.43666260811421,10.8829069311189,-0.922585422453901,0.745253316426972,0.053606813891837,"Up"
32,38,-1.43666260811421,19.2592820164634,0.407369085480355,1.10277462776353,-0.00531877170999203,"Down"
33,38,-1.43666260811421,7.86907663539924,0.264011434380507,0.603156416621727,-0.00781782498545047,"Down"
34,38,-1.43666260811421,17.2014947098271,0.0912835539416647,1.43793415879021,-0.0122994857536268,"Down"
35,38,-1.43666260811421,11.0369417462116,-0.680687428865753,0.730421088788047,0.0287030660350273,"Up"
36,38,-1.43666260811421,16.4115510727273,-0.231969495130984,1.14061094179402,-0.0595184584129817,"Down"
37,38,-1.43666260811421,11.2965473890492,1.98511178276459,0.903624341382243,-0.0221661332333589,"Down"
38,38,-1.43666260811421,12.3832915865798,-0.929159357105225,0.489758475899567,-0.0718020455437446,"Down"
39,38,-1.43666260811421,23.8468295851351,-0.406090232626196,1.08091020404779,-0.017116612963252,"Down"
40,38,-1.43666260811421,18.3414130946676,-1.40343255381246,0.718275984089889,-0.00871719286750404,"Down"
1,39,-0.830267366108354,4.2755148786217,-1.24072906757593,1.31875791185136,0.000815275850178041,"Up"
2,39,-0.830267366108354,15.6320620805016,-0.286765201435186,0.479291022758331,-0.00902501361851328,"Down"
3,39,-0.830267366108354,12.7409353187139,-0.391287301787077,0.961461125596554,-0.0925278910869251,"Down"
4,39,-0.830267366108354,9.31686906111165,-0.616901564232573,0.729045522997762,-0.0644357612154893,"Down"
5,39,-0.830267366108354,16.048929452156,-0.773844309532882,1.40235051826794,-0.0203606568522703,"Down"
6,39,-0.830267366108354,15.6498275800968,-0.196626923218971,0.803843732088103,0.0130455961213943,"Up"
7,39,-0.830267366108354,13.3574671371596,1.13402054312043,1.32392681030688,0.0165141936591855,"Up"
8,39,-0.830267366108354,24.8635178366873,-0.357801185526678,0.868934412585087,-0.0619631504850387,"Down"
9,39,-0.830267366108354,3.75654966591721,-1.2832038636231,1.03971467092413,0.0481052763370178,"Up"
10,39,-0.830267366108354,19.1910969363925,-1.06905180450069,1.55069908581666,-0.0106213191145362,"Down"
11,39,-0.830267366108354,13.5548836476871,-2.00434764907113,0.814931830585529,-0.0282367073985452,"Down"
12,39,-0.830267366108354,18.2825670528969,-1.71051632221807,1.72561846389697,-0.00329151181045079,"Down"
13,39,-0.830267366108354,12.7300114968066,-0.747420182762966,1.34426515484609,0.0386770946178306,"Up"
14,39,-0.830267366108354,12.0306771877745,-0.976415461234376,1.47017346397073,0.0247943113297644,"Up"
15,39,-0.830267366108354,6.44810166802687,-1.14902611060112,0.50970651952064,-0.0219879047905359,"Down"
16,39,-0.830267366108354,13.9527578586363,1.98924365380742,0.95070164864897,-0.0462978220133605,"Down"
17,39,-0.830267366108354,27.3937290067854,1.7511310826985,0.644046089266415,0.045710574942591,"Up"
18,39,-0.830267366108354,19.9485110406468,2.56440930061295,1.25581217014096,-0.0430591629129239,"Down"
19,39,-0.830267366108354,23.3778607791341,0.776495901541338,1.44315704875975,-0.0375982018532477,"Down"
20,39,-0.830267366108354,19.5748265915702,-0.161248544839263,0.830887712383307,0.0511140070267118,"Up"
21,39,-0.830267366108354,20.7213135398093,-1.04326069445062,0.857673161544866,-0.0383188142130697,"Down"
22,39,-0.830267366108354,19.5143820724955,-1.10076626213621,0.614790292029518,-0.0241264844008715,"Down"
23,39,-0.830267366108354,17.3769621588255,-0.496873947470779,1.26779768719571,0.0194888246833609,"Up"
24,39,-0.830267366108354,12.087356130015,1.28052092659645,1.55031259775082,0.0748087222339624,"Up"
25,39,-0.830267366108354,12.3353263133826,0.666470562339114,0.600507790185746,-0.0430408528228399,"Down"
26,39,-0.830267366108354,6.99580001812356,0.889500197272317,0.580564470583813,0.0468393822177982,"Up"
27,39,-0.830267366108354,14.9709114306,-0.187121427736611,1.4095102860814,-0.00305969310405359,"Down"
28,39,-0.830267366108354,19.4967783792836,-1.55363634292591,1.49864678435903,0.0552392851940998,"Up"
29,39,-0.830267366108354,20.1596127826304,0.326402671779581,1.11791678117755,0.0439913569964972,"Up"
30,39,-0.830267366108354,15.4756635222771,-0.214611972064497,1.07538066910296,-0.00364660521061406,"Down"
31,39,-0.830267366108354,12.2618619138904,-0.303958307149332,0.829960172378096,-0.037822753374031,"Down"
32,39,-0.830267366108354,31.4525872165927,2.18417322839228,1.10706395040279,-0.0623019212433965,"Down"
33,39,-0.830267366108354,18.6834276562521,0.869691283218553,0.873155133077766,-0.050196260302206,"Down"
34,39,-0.830267366108354,22.1028765243957,-0.228406203687321,1.84590553830887,-0.0317134930785717,"Down"
35,39,-0.830267366108354,13.3115967966634,-1.90344641952332,0.873889531462471,-0.0705687256379775,"Down"
36,39,-0.830267366108354,14.810211864727,-0.286641470723756,0.390153370918659,-0.00729398292301941,"Down"
37,39,-0.830267366108354,17.2430354885336,0.990388920100186,1.16182107076611,-0.0217629539600336,"Down"
38,39,-0.830267366108354,23.3826115597415,0.37282099271425,0.685818353658563,0.0947181988929345,"Up"
39,39,-0.830267366108354,13.4426272727194,0.272107368015517,1.27995948930214,0.0569856649756418,"Up"
40,39,-0.830267366108354,19.2680783339153,1.04509363912809,0.628871192654447,0.0270222370944406,"Up"
1,40,-0.689725385469283,4.52592682839885,-0.169009987214824,0.925302814795261,-0.0257024002171944,"Down"
2,40,-0.689725385469283,12.4637278295918,-0.345802025216759,1.12425682024795,0.0984311345731543,"Up"
3,40,-0.689725385469283,8.53995461618343,-0.253966133668967,0.942536097249942,-0.013861338819267,"Down"
4,40,-0.689725385469283,20.5668135867855,0.734512927460703,0.557615934034775,-0.00388081186814345,"Down"
5,40,-0.689725385469283,14.1777345585987,-0.269348130964323,0.651621470723033,-0.0982044406205805,"Down"
6,40,-0.689725385469283,13.0481295899663,0.760301142439062,0.774819319702224,0.0594184830208802,"Up"
7,40,-0.689725385469283,21.8454992309929,-1.2281836193586,1.62798121349798,-0.0192046003158131,"Down"
8,40,-0.689725385469283,20.5813642912001,-1.27106502138202,0.962721173643521,-0.0656634393119143,"Down"
9,40,-0.689725385469283,10.5098939826625,0.127383608306443,1.46620965999678,0.000138745317045956,"Up"
10,40,-0.689725385469283,17.1393324380482,0.760383157988027,1.05532508089536,0.0563568142964602,"Up"
11,40,-0.689725385469283,8.85777715743875,-0.407652916022205,0.862213668441662,0.00326683175592999,"Up"
12,40,-0.689725385469283,12.6219248789441,-0.577421344918043,1.40253040854365,0.010748908189193,"Up"
13,40,-0.689725385469283,23.0828881857348,-2.83937616690889,0.708868767649881,0.0281997780801585,"Up"
14,40,-0.689725385469283,22.2506397566522,0.374320874220963,1.55940693502969,-0.0527222729634644,"Down"
15,40,-0.689725385469283,20.5450937773342,-0.902854978742815,1.31634290324456,-0.0258347032258972,"Down"
16,40,-0.689725385469283,12.1454805683484,0.402574906183067,1.10576710317126,0.0367584309050853,"Up"
17,40,-0.689725385469283,5.59284264862223,1.4272117229534,1.18815608684396,-0.0589094925270718,"Down"
18,40,-0.689725385469283,9.12150907987921,-0.495919045927329,1.06299021960116,0.0580102037865919,"Up"
19,40,-0.689725385469283,19.7627826231376,0.696725381553881,0.874491803277334,-0.0564698996892885,"Down"
20,40,-0.689725385469283,13.5471605691746,-0.152545773297634,0.902074851654481,0.0121952514685242,"Up"
21,40,-0.689725385469283,4.1869592721601,0.368604635711658,0.834309586272923,0.0146306813102216,"Up"
22,40,-0.689725385469283,14.0990625614177,-1.15579938527956,1.45005538976623,-0.0382920917610791,"Down"
23,40,-0.689725385469283,22.0511961056229,0.417823594928106,1.19703494024096,0.00500771089213091,"Up"
24,40,-0.689725385469283,18.2173432025977,1.30496154444897,0.967906170912788,-0.00810769457306142,"Down"
25,40,-0.689725385469283,10.8937072823529,1.79671185562111,0.710591832388755,0.0565960837454249,"Up"
26,40,-0.689725385469283,7.27041673967488,-1.18738065485708,1.10071129381263,-0.0725988476964267,"Down"
27,40,-0.689725385469283,10.8672638718161,0.533685008357217,0.739364356064227,0.0691583215833406,"Up"
28,40,-0.689725385469283,15.1726383566076,-0.508024170765753,0.774541828990437,-0.0164104734966336,"Down"
29,40,-0.689725385469283,19.4403685045603,0.522720628103725,1.84344446487869,-0.0425185090240563,"Down"
30,40,-0.689725385469283,5.30029922604872,-0.178463862456432,0.657839257459693,-0.0507567896588713,"Down"
31,40,-0.689725385469283,20.1160087763706,-0.248033265601507,0.767283825929794,0.0458238650605744,"Up"
32,40,-0.689725385469283,15.0272886329401,0.682099496739718,0.840093705693008,-0.0736300356106501,"Down"
33,40,-0.689725385469283,17.8488948480291,0.746201526735843,0.836334433325056,0.00946049509090354,"Up"
34,40,-0.689725385469283,6.73372218382565,0.279077037786067,0.713439517361655,-0.0253571360698504,"Down"
35,40,-0.689725385469283,11.6667280993891,0.46404938204628,0.945238836259887,-0.035301278676622,"Down"
36,40,-0.689725385469283,12.7588290536724,0.378460412533289,0.732411611002414,-0.00543776844650373,"Down"
37,40,-0.689725385469283,20.2194567415451,0.278374001552994,1.49591515589804,-0.00357308085276999,"Down"
38,40,-0.689725385469283,20.1408702369771,0.0912301601069542,1.03774893073918,-0.0251384807639324,"Down"
39,40,-0.689725385469283,17.1754522962417,0.915610225764827,1.29361980227679,-0.0344502431677364,"Down"
40,40,-0.689725385469283,23.0210609081194,0.709899292255341,0.655977770517918,0.0330887347565752,"Up"
1,41,0.18060670461646,12.4229440012732,0.793932838572023,0.995672262542035,0.0290529383555809,"Up"
2,41,0.18060670461646,20.0626859688696,1.1069684984941,1.17782875366579,0.076895980090892,"Up"
3,41,0.18060670461646,14.8202998510464,0.549337333014554,1.02987107726682,-0.0559352256370769,"Down"
4,41,0.18060670461646,11.663289519118,-0.152998328694666,1.00529294716619,-0.0598061847313225,"Down"
5,41,0.18060670461646,19.6169001916542,-1.08947042324526,0.733238660452433,-0.058416414415078,"Down"
6,41,0.18060670461646,21.9055016542475,-0.488032453801593,0.828105150842432,-0.0725209088638159,"Down"
7,41,0.18060670461646,19.3912520809242,-0.869954917300795,0.885617247588189,0.0826530649809238,"Up"
8,41,0.18060670461646,12.4529827228887,-0.298508586975253,0.786068480619573,-0.13562759334734,"Down"
9,41,0.18060670461646,12.6510618292245,-0.525294572640387,1.25752077891945,-0.083123518024456,"Down"
10,41,0.18060670461646,21.88837923403,-0.196685815876952,1.69534096646881,-0.053098913998418,"Down"
11,41,0.18060670461646,16.7641320320887,-1.02389991827425,1.48372233957019,-0.0296042722043206,"Down"
12,41,0.18060670461646,19.1478698966056,-0.622302116573955,1.13524906641174,-0.0228667763700975,"Down"
13,41,0.18060670461646,13.3064900816785,0.35558715707793,0.965130158873966,0.0438151737942018,"Up"
14,41,0.18060670461646,21.3051746823233,0.213605953502618,1.18863039828935,0.0526158727260768,"Up"
15,41,0.18060670461646,10.956224275189,-0.404069681572142,0.789319369699582,-0.0622686670899863,"Down"
16,41,0.18060670461646,18.1267576043332,1.01282233205102,1.08271863604091,0.00610954961443008,"Up"
17,41,0.18060670461646,10.9141251721594,-1.64112944133307,1.05120787420931,-0.102521110027284,"Down"
18,41,0.18060670461646,2.68712491707116,0.482758608560415,0.494846846990962,0.0436019700033446,"Up"
19,41,0.18060670461646,8.28521244660165,1.56983056712062,1.76648395683466,-0.0429484948242547,"Down"
20,41,0.18060670461646,15.6814759960508,-0.407847758248619,0.670676462481472,0.0103751040345588,"Up"
21,41,0.18060670461646,19.4146137481291,0.387584918040847,0.454861049735388,-0.0579043183009524,"Down"
22,41,0.18060670461646,6.24348958452592,-0.558288003324279,0.999897263633596,-0.00880834132149543,"Down"
23,41,0.18060670461646,8.74287765540237,-0.0220150362400862,1.03274849333406,-0.00787203434653736,"Down"
24,41,0.18060670461646,23.8227299828774,0.815603462122397,0.997601252235407,-0.0620751727040811,"Down"
25,41,0.18060670461646,12.8305032508837,-0.914014481393565,1.0430711435119,0.00447213774921741,"Up"
26,41,0.18060670461646,17.528500659653,-0.554820797749138,0.700838221248505,0.150247346409426,"Up"
27,41,0.18060670461646,12.3653233931134,0.532223347384848,1.19452561449158,-0.00493004251090046,"Down"
28,41,0.18060670461646,13.5070855742425,0.415709689724458,1.51316922277253,-0.0285519517688354,"Down"
29,41,0.18060670461646,15.4362210330262,0.806859181812312,0.777541255138412,-0.0304538242654109,"Down"
30,41,0.18060670461646,15.054809213995,1.25274819689651,1.0961042152232,-0.0205287835501566,"Down"
31,41,0.18060670461646,14.0371989447897,0.769852741781516,0.921944644902913,0.00379461743497155,"Up"
32,41,0.18060670461646,12.6510175742813,-1.07763260721319,0.9819294942069,-0.0588837327816512,"Down"
33,41,0.18060670461646,1,0.153781366543957,1.34005751737803,0.072118393304496,"Up"
34,41,0.18060670461646,24.3432775016685,-0.399087420248963,1.0869009295663,0.0140075132452485,"Up"
35,41,0.18060670461646,23.9521210412152,-0.00585749811279422,1.78523903559416,0.0311780934352361,"Up"
36,41,0.18060670461646,9.49459129140384,0.917362355389143,0.905120511795578,0.0672729095990241,"Up"
37,41,0.18060670461646,14.1594623894502,0.276155443869339,1.55983958828121,-0.0633999068548092,"Down"
38,41,0.18060670461646,21.8763765235625,0.155188360208886,0.872234761645335,-0.0582160724739582,"Down"
39,41,0.18060670461646,19.991450115261,-0.120114745397783,0.932956483689292,0.00403715447154175,"Up"
40,41,0.18060670461646,21.3830080937289,0.397018504856981,0.906526253184743,-0.0337849131759897,"Down"
1,42,1.86020049114882,9.64126540920102,-1.17862518855814,1.09021029518408,-0.00615265417517299,"Down"
2,42,1.86020049114882,27.8863404809898,-0.421548024007117,1.15022809713505,-0.0380743258782253,"Down"
3,42,1.86020049114882,9.33270020114836,1.61657603604283,1.04451047014764,0.0205723545213539,"Up"
4,42,1.86020049114882,18.7695817094164,0.616122843297705,1.19697507112933,-0.105160629700299,"Down"
5,42,1.86020049114882,15.7063799022284,-0.9617940267648,0.790903194243611,0.00290048934376078,"Up"
6,42,1.86020049114882,12.9814484101898,-1.22855665934927,0.930844021084048,-0.125304231582099,"Down"
7,42,1.86020049114882,13.1029210090949,-0.959330253589293,1.21608976919813,-0.0329479525689591,"Down"
8,42,1.86020049114882,10.043015937345,0.580156856563299,1.36536742922673,0.00165598868295384,"Up"
9,42,1.86020049114882,23.113298978784,0.433158964582613,1.10683249822678,-0.0672048643902778,"Down"
10,42,1.86020049114882,15.4475661388138,-0.568582303141119,1.23715816581119,0.0443681534776949,"Up"
11,42,1.86020049114882,16.2960897460719,-0.368684340898934,1.28661964337284,-0.0189994140590985,"Down"
12,42,1.86020049114882,16.0481641653052,0.978228069525606,1.20056550327761,-0.102040963153204,"Down"
13,42,1.86020049114882,13.1241462346957,-0.307073609966018,0.935087379318618,0.0505327792476628,"Up"
14,42,1.86020049114882,9.32989377622476,-0.0584092798451659,0.95189249547225,-0.00905862867916676,"Down"
15,42,1.86020049114882,16.2686315484198,0.352533747158679,1.20514290071437,-0.0392128259538423,"Down"
16,42,1.86020049114882,4.53180275020537,-0.182327630508893,0.872305870997226,0.0129966818921972,"Up"
17,42,1.86020049114882,7.90716528582193,-0.735026404402801,0.961178515451125,-0.0906081578632446,"Down"
18,42,1.86020049114882,9.6180165253081,-0.41294127515641,0.97283372299707,-0.026788995413411,"Down"
19,42,1.86020049114882,9.60660568663823,-1.08100043519868,0.621236953597504,-0.0160165001382469,"Down"
20,42,1.86020049114882,15.5359440828354,0.469312616007674,1.10545461804138,-0.170276216858925,"Down"
21,42,1.86020049114882,22.9924377416237,1.33204012251754,1.18649318462022,-0.0426841649389398,"Down"
22,42,1.86020049114882,7.42337927967517,0.244262635869097,0.981835980926151,-0.0566004275949253,"Down"
23,42,1.86020049114882,17.1683801029831,0.81272922619384,1.71295536090023,-0.00624252893492545,"Down"
24,42,1.86020049114882,19.4977237666052,-0.651135024934329,0.948631640879472,0.0234544998896258,"Up"
25,42,1.86020049114882,10.0523389885556,-0.140308776263568,1.18962695054039,-0.0184612412197151,"Down"
26,42,1.86020049114882,14.7360029923876,-0.13611215659361,1.17325206818238,-0.0677679082377995,"Down"
27,42,1.86020049114882,19.1180545131103,-1.43064062509921,1.26541953745156,-0.0412033320440993,"Down"
28,42,1.86020049114882,13.7224544872631,0.08889294253109,1.13350389366927,-0.0763360485049265,"Down"
29,42,1.86020049114882,13.8965782637439,0.479237258969012,0.944231250450275,-0.0735988129874786,"Down"
30,42,1.86020049114882,16.5386339560531,0.683406455538803,1.18412721376471,-0.148655599649075,"Down"
31,42,1.86020049114882,14.6999337333336,1.3156540407747,1.07902375549093,-0.0317944570911317,"Down"
32,42,1.86020049114882,12.2217355503039,-1.4726494367775,1.07579147022368,-0.00508842548276415,"Down"
33,42,1.86020049114882,14.3069249026955,0.617651459020608,1.24094982583562,-0.00952848653383414,"Down"
34,42,1.86020049114882,24.4141989619324,0.717074072832601,1.26089261414037,-0.0790160997067136,"Down"
35,42,1.86020049114882,19.3683433980301,-0.210025808024777,0.997446406697684,-0.0530267588036054,"Down"
36,42,1.86020049114882,10.4270146358619,0.602459332748625,0.889833647636297,0.0355968904380725,"Up"
37,42,1.86020049114882,8.7754118883434,-1.4145324747417,1.48954396036216,0.00338839587242558,"Up"
38,42,1.86020049114882,13.200088796587,0.214394673940768,1.01603090365672,0.00234716492341306,"Up"
39,42,1.86020049114882,21.6438735047399,-3.12908819139171,0.893258248923963,-0.0638788061016611,"Down"
40,42,1.86020049114882,16.4633955920848,0.31205830314547,0.752863378376012,-0.0274558177323839,"Down"
