"stock","period","market_value","PB","return"
1,1,387.577520124614,4.66160873672925,-0.0185500079765916
2,1,888.305135443807,4.04855350987054,-0.00911742250900716
3,1,508.9769218117,2.12186066806316,-0.020241079875268
4,1,983.017404004931,5.58085506688803,-0.037985477806069
5,1,1040.46728429385,5.01380512397736,-0.0221628041705117
6,1,145.556499389932,2.56204306287691,-0.0224440899211913
7,1,628.105488047004,2.13625598140061,-0.0159719556104392
8,1,992.419044394046,4.28797601978295,-0.0481659066863358
9,1,651.435014465824,4.67865578155033,0.0260895355604589
10,1,556.614735303447,3.32547127292491,-0.00528348830994219
11,1,1056.83334534988,5.31802664650604,0.0101177753414959
12,1,553.334156190977,4.37500291643664,-0.0395106609677896
13,1,777.570635452867,1.80733944429085,-0.0468298907391727
14,1,672.633401956409,1.06045153364539,-0.0315372757147998
15,1,202.924682665616,5.33034013723955,-0.0468598786275834
16,1,999.824970401824,1.50356393912807,0.0438818556489423
17,1,346.08773435466,2.56116122263484,-0.000910869613289833
18,1,142.059533530846,3.17247526510619,0.0302482597995549
19,1,427.920719282702,4.07878032093868,0.00595935306046158
20,1,1054.50364914723,2.69612028403208,-0.0390139842173085
21,1,989.539316063747,3.89989051409066,-0.048948580166325
22,1,792.8034061566,5.14837401360273,-0.00676892043557018
23,1,740.506813768297,2.67309072799981,-0.0292877804255113
24,1,1094.2697766237,2.91009498084895,0.0306289933621883
25,1,755.705799115822,4.02844967343844,0.00109939184039831
26,1,808.530468167737,3.47867946047336,0.00386865448672324
27,1,644.066024711356,1.54633941850625,0.0428100060904399
28,1,694.14202044718,5.2296414996963,-0.0423832253785804
29,1,389.15973729454,3.2292826755438,-0.0477935779374093
30,1,247.113647311926,4.75187952420674,0.00578261506743729
31,1,1063.02423253655,4.97769309813157,-0.0395341233815998
32,1,1002.29904511943,2.95349428569898,-0.0236912479158491
33,1,790.705278422683,1.07423944422044,-0.0359997217543423
34,1,895.467417687178,4.71707413345575,-0.034701659088023
35,1,124.61368450895,1.34192589344457,0.0069615795975551
36,1,577.795971091837,3.66010315390304,-0.0441450730664656
37,1,858.459537522867,1.61315206927247,0.0129617034923285
38,1,316.407935833558,4.37884999578819,0.0236000302946195
39,1,418.181007634848,1.28010033885948,-0.0125777046894655
40,1,331.625785352662,4.99004692910239,0.0205223096068949
41,1,242.800022382289,4.31302482285537,-0.0446554780937731
42,1,514.546335814521,2.22120698331855,0.00837580636143684
43,1,513.724326295778,1.80186218605377,-0.0235833387356251
44,1,468.845450924709,1.28999950154684,-0.0319975943537429
45,1,252.444747742265,1.07605596911162,-0.0212426006328315
46,1,238.80606344901,5.16677385801449,0.0103837981587276
47,1,333.034099452198,2.3093860889785,-0.008026884496212
48,1,565.962450252846,1.27707413071766,0.0136088421801105
49,1,365.972640365362,2.74016716424376,0.0447693025693297
50,1,957.827715342864,3.90109204477631,0.00258347680792212
51,1,145.831166673452,5.02109137852676,-0.0250724223908037
52,1,542.200074205175,2.70132863218896,0.0243044209200889
53,1,898.924845643342,1.67425165441819,0.00303956277202815
54,1,221.89925997518,4.86806460097432,-0.0363663131836802
55,1,660.947983758524,5.38618924934417,-0.0259718812769279
56,1,306.53138961643,5.93984017521143,-0.0381736293435097
57,1,227.531650243327,4.27409292571247,-0.0392554439371452
58,1,853.307864302769,2.27013651654124,0.0150778005365282
59,1,995.0453591533,4.2072777999565,0.0237594805657864
60,1,474.462775886059,3.25306190317497,-0.00527998937759548
61,1,765.115194628015,1.98480598535389,-0.0353285423247144
62,1,194.840660924092,4.03093742695637,0.0340522600570694
63,1,483.969637798145,5.87314874888398,0.0496882972540334
64,1,374.38364457339,1.99587190663442,-0.048054523463361
65,1,914.640038879588,3.17379486770369,0.00368746025487781
66,1,548.516341391951,2.69769367319532,0.0296386631438509
67,1,910.064353048801,1.17004121211357,0.00240231617353857
68,1,912.389509519562,1.49599281628616,-0.0253399918787181
69,1,894.342321110889,3.09616416366771,-0.00265281184110791
70,1,539.831687603146,1.23669169982895,-0.0207823647651821
71,1,854.475158639252,1.13264638488181,0.0467382594244555
72,1,729.221131559461,1.867560232291,0.0199094995390624
73,1,810.182401351631,2.89043267164379,0.0246631521033123
74,1,100.624773325399,3.94161392142996,-0.0486368062440306
75,1,575.316574098542,2.6821483511012,-0.00990893258713186
76,1,320.118885161355,3.47274143388495,-0.00461330669932067
77,1,479.816537722945,4.76163337379694,-0.0378231145441532
78,1,712.771003274247,1.84531055996194,-0.024279872351326
79,1,451.797909243032,5.21815818292089,-0.0350534315919504
80,1,211.135424347594,2.60151428193785,-0.008302181516774
81,1,343.619472719729,2.16943608154543,-0.0283770077861846
82,1,768.05558744818,2.54996782890521,0.00226912871003151
83,1,517.646779678762,4.94954981631599,0.038780712056905
84,1,888.195834029466,2.27253874554299,0.00166338889393955
85,1,202.864644257352,5.61411762866192,-0.00749463737010956
86,1,534.892741497606,1.74176748748869,-0.0204758642241359
87,1,1084.95697998442,2.08238903223537,-0.027553456206806
88,1,993.051114398986,4.13045905902982,-0.0446822445141152
89,1,986.469060787931,2.28535086638294,0.0285837001632899
90,1,275.052650272846,4.5358687385451,0.0458155288593844
91,1,230.695691565052,4.71202609152533,0.0410716447047889
92,1,753.101925039664,2.31178196752444,-0.0208091743523255
93,1,443.516472261399,3.86309903953224,-0.0256325513357297
94,1,756.758127966896,5.57824313896708,-0.0192233282839879
95,1,420.373242488131,4.5421002516523,-0.0171815752051771
96,1,287.691119266674,5.22177535365336,0.0114613716024905
97,1,882.294301316142,5.59971207077615,0.0135059637948871
98,1,193.59498671256,2.47317337221466,-0.0391923853429034
99,1,566.77904156968,4.2532633212395,-0.000193264288827777
100,1,611.505459900945,1.7088309514802,-0.045243103383109
1,2,699.98895926401,5.26765840966254,0.0157763320486993
2,2,432.823540316895,4.33003308041953,0.045459345006384
3,2,588.613033667207,4.66663339664228,0.0456753863487393
4,2,1054.4738274999,2.57370174652897,0.0410362766124308
5,2,582.9023971688,4.33858970087022,-0.00240761118475348
6,2,990.350222121924,3.31943355756812,-0.0130774189485237
7,2,1014.43818691187,4.25141465640627,-0.0110530615318567
8,2,708.734982321039,4.92887604073621,0.0440777510171756
9,2,510.689776530489,5.50852100388147,0.0186308812350035
10,2,247.094690939412,3.63703774078749,-0.0083035747287795
11,2,1035.29980327003,1.79054524190724,-0.00196776362136006
12,2,401.228899974376,2.34809376555495,0.0247085621813312
13,2,160.720571549609,1.67270107218064,0.0234921068651602
14,2,1047.72694003768,2.18778777658008,-0.0028818853199482
15,2,820.596273429692,4.61528311041184,-0.00886101238429546
16,2,242.294295597821,4.13562716124579,-0.00979209302458912
17,2,649.284656066447,3.26182246347889,0.0171306153992191
18,2,1054.09123855643,4.1715348677244,0.0190746092004702
19,2,685.483353119344,3.64748439774849,-0.0441060762153938
20,2,504.510281747207,2.65053192875348,-0.00397989549674094
21,2,747.89347932674,4.8536868034862,0.000554657983593643
22,2,419.820617092773,4.17494584363885,-0.0342830453533679
23,2,407.720010867342,4.87181842001155,-0.0197148215258494
24,2,319.767631264403,1.89424581965432,-0.0299785234965384
25,2,469.488865835592,2.98201136896387,-0.0383083398686722
26,2,1084.21920347027,5.81357932905667,0.0351313736988232
27,2,254.202300822362,2.88656809623353,-0.0160222039325163
28,2,191.043999884278,1.38777474896051,-0.0438219602685422
29,2,241.906907781959,3.64667554525658,0.0145051692146808
30,2,790.007101511583,5.74861996830441,0.0263687838800251
31,2,719.256483390927,5.28056527045555,0.00367872198112309
32,2,991.394117148593,3.74718071916141,0.000244645262137055
33,2,772.999092610553,4.32476770854555,0.0255996992113069
34,2,837.077737925574,3.50224068295211,0.0386022432241589
35,2,621.135725779459,5.62036080425605,0.0326621748507023
36,2,759.83844967559,1.45963976765051,8.82809050381184e-05
37,2,921.805460145697,3.48476678738371,0.0296296121552587
38,2,886.281551700085,4.91112047014758,-0.0307125551393256
39,2,1079.8219173681,5.34923437074758,-0.0127216143533587
40,2,539.431536244228,5.5077616465278,-0.00928024272434413
41,2,411.70220207423,5.05691243940964,-0.0407936742063612
42,2,509.474952612072,1.7686481368728,-0.0497990215895698
43,2,110.467111831531,4.64879363914952,-0.0110389738809317
44,2,283.84952400811,4.79751466563903,-0.0341451341053471
45,2,942.729318886995,4.30409743706696,0.0378930173115805
46,2,331.161782052368,5.54017543117516,0.00904789923224598
47,2,339.099955651909,2.9489193323534,-0.00483431296888739
48,2,176.691165333614,5.78489172412083,0.00327049335464835
49,2,345.723678031936,3.2829318465665,-0.0449215233325958
50,2,832.13520552963,1.97504297271371,0.025341091142036
51,2,947.453165100887,3.95359616517089,0.0188422289676964
52,2,597.527267085388,1.77699346700683,-0.0372065263101831
53,2,487.909029843286,3.597480394179,0.0110958968522027
54,2,346.448994148523,3.06419845460914,0.014969183690846
55,2,211.096461303532,5.13608475122601,-0.0155643912032247
56,2,489.994435245171,3.81547940103337,0.0188903174828738
57,2,671.935313986614,3.28237740928307,0.00688163572922349
58,2,316.892762808129,1.9617431263905,-0.022329385811463
59,2,544.76800202392,3.35973417409696,0.0414560941513628
60,2,317.99066872336,2.16250122198835,-0.0453960369108245
61,2,602.299563260749,2.57039855374023,0.0403061678633094
62,2,453.904571849853,5.33426022646017,0.0317486771615222
63,2,749.98515881598,3.22493653534912,-0.0175911754136905
64,2,474.713956611231,3.16964209452271,-0.00824313110206276
65,2,455.445380788296,3.3629404057283,0.000425458210520446
66,2,633.687945455313,5.16700856178068,0.0052089367993176
67,2,840.334360394627,1.05170553922653,-0.0427039201371372
68,2,321.102937823161,2.54564737225883,-0.0180772153427824
69,2,512.74611861445,1.43076485744677,-0.026661769580096
70,2,365.686686849222,5.11503546521999,-0.040239787986502
71,2,729.973053466529,3.35553606878966,0.0477691123727709
72,2,283.828490786254,3.66167962807231,-0.015774582605809
73,2,963.64411143586,2.97697714553215,0.0432934631127864
74,2,846.568004135042,3.27218584739603,0.0310108051402494
75,2,768.284649727866,1.57450473541394,-0.00906645294744521
76,2,718.017873261124,1.15545421396382,0.0297541223233566
77,2,472.238060226664,1.11605439358391,-0.0255677369888872
78,2,629.835685854778,1.38759672665037,0.0278411707608029
79,2,974.682342866436,2.80765547673218,-0.0414128294913098
80,2,681.750099780038,4.80704362527467,-0.0288023675326258
81,2,939.767764788121,4.71640820871107,0.0483250530902296
82,2,412.448164913803,1.48846101737581,-0.0454845291096717
83,2,808.29032221809,5.80952708749101,0.00456306922715157
84,2,365.017806086689,1.71602214244194,0.0173777402611449
85,2,694.343194039539,3.42330870591104,-0.0223726860713214
86,2,581.289800489321,3.82455495093018,-0.000704404897987843
87,2,365.03273146227,5.66152795241214,0.0359498147852719
88,2,664.590434776619,5.1001238534227,-0.00152119807898998
89,2,1013.18822302856,3.66541519784369,-0.0364243693184108
90,2,1001.87438949943,2.92234490183182,-0.0182834859006107
91,2,374.166621500626,3.72994156111963,0.0266253520734608
92,2,421.482756407931,4.98363967426121,-0.0454822576837614
93,2,1085.64088437706,4.1367168109864,0.0425189335132018
94,2,719.993310188875,1.51978500327095,0.0182919482933357
95,2,1037.31408915482,1.95996254822239,-0.00832325608935207
96,2,566.532702324912,5.21055216807872,-0.0364665628643706
97,2,506.832593260333,3.39688306231983,0.0426649178145453
98,2,759.230324206874,4.8863029400818,-0.0268394938670099
99,2,252.346616843715,5.09089567488991,0.0239417765988037
100,2,672.867058217525,2.48466969956644,-0.0491896422812715
1,3,338.726026844233,2.13354969653301,-0.0251370118698105
2,3,1062.35893643461,4.10178946587257,0.048946317541413
3,3,701.365725975484,2.86937786405906,0.0217121902387589
4,3,615.029727248475,5.42986209061928,0.0151728288270533
5,3,502.573342202231,1.62765803886577,-0.0259443792747334
6,3,980.246541230008,1.78998295357451,-0.0413207245292142
7,3,464.091864787042,4.1923126289621,-0.0203323719557375
8,3,388.239280693233,1.93065280932933,0.00420688018202782
9,3,270.645235106349,4.32254339824431,0.0280648312997073
10,3,272.171746380627,3.56012927275151,-0.0228158467449248
11,3,582.04260552302,4.70809920248576,-0.0182827939977869
12,3,352.964928513393,2.68256514822133,0.0447654680814594
13,3,316.25478961505,1.55634224787354,-0.000974414614029229
14,3,774.376388080418,3.01144812162966,0.0472959124017507
15,3,147.663627425209,3.71349370130338,0.0345900436630473
16,3,800.853087473661,4.70130643597804,0.0479670982109383
17,3,451.888638455421,1.86285040481016,-0.0386010335292667
18,3,508.943997928873,3.93242713436484,-0.0186018487205729
19,3,920.951323956251,3.49923271127045,0.0444676731247455
20,3,1018.8573481515,5.681792834308,0.014154488639906
21,3,382.528330106288,5.55151555128396,0.047942201863043
22,3,1061.10479370691,1.76453304616734,0.047201200760901
23,3,828.394428268075,2.53648752602749,0.0230551321757957
24,3,786.375082004815,4.4914708416909,-0.0108157155336812
25,3,152.843942772597,4.81607620627619,0.0163462371565402
26,3,495.220134640113,3.54934827331454,-0.024276768323034
27,3,577.845379849896,2.13363586016931,-0.0190201530931517
28,3,660.25326368399,1.82930712029338,0.0340456382371485
29,3,798.261594865471,2.58068575314246,0.018827313138172
30,3,1015.68353842013,1.22470543161035,0.0274932118365541
31,3,718.351227371022,4.34784206701443,-0.0192159967729822
32,3,528.421508753672,4.73138586641289,0.0141562938224524
33,3,642.08036721684,2.24266681261361,0.0113391627557576
34,3,158.478488586843,3.33476611087099,-0.0273445412516594
35,3,360.856857057661,1.22143663372844,-0.0253840782912448
36,3,497.151953307912,1.49132950138301,0.0377758006798103
37,3,297.744736680761,5.48547262116335,0.0284769725752994
38,3,931.92756283097,4.07574241538532,-0.0474338840227574
39,3,252.887222822756,4.20355000090785,0.0255333107197657
40,3,903.418542025611,3.30501060490496,0.0397715891711414
41,3,646.826156554744,2.39865726465359,0.0393065905896947
42,3,762.317642010748,5.72475123009644,-0.0380564237711951
43,3,271.698493883014,1.11535862227902,0.0476272112689912
44,3,733.055359823629,1.88656363077462,0.0410052168415859
45,3,411.869746772572,5.85714063630439,-0.0241003376897424
46,3,824.554346408695,4.9986887818668,0.0388964015757665
47,3,498.939824663103,5.99825507053174,0.0333025268977508
48,3,1069.35641113669,2.30371726350859,-0.00607147689443082
49,3,1067.39837061614,3.91091329185292,-0.0423248590901494
50,3,826.702539017424,1.36147083039396,0.0366153983864933
51,3,357.216746453196,5.01141850161366,-0.0176338308490813
52,3,321.787934657186,5.40282682538964,-0.0267906580353156
53,3,693.045651679859,5.44814769551158,0.032778966287151
54,3,367.521432135254,1.05663503427058,0.0491556603927165
55,3,631.070398865268,2.20700283092447,-0.0269860993372276
56,3,885.291671287268,4.03634448791854,-0.0411185568897054
57,3,268.060810538009,2.81360282469541,0.0135193619178608
58,3,504.399181017652,4.54604329681024,0.0356550942640752
59,3,571.576277632266,1.21036480320618,-0.0316058178665116
60,3,968.106806883588,4.28585515380837,0.000547484937123954
61,3,1025.7079558447,2.15344721009023,-0.01444394022692
62,3,981.97755930014,2.36488686315715,0.032449588412419
63,3,774.186842516065,4.66581888869405,-0.00162711027078331
64,3,1050.16697933897,1.89128100429662,-0.0268087072530761
65,3,616.444894252345,2.92817134317011,-0.0229836566839367
66,3,676.519021298736,4.42177280341275,0.0322993500856683
67,3,436.331205908209,3.07595523796044,-0.0474163746228442
68,3,447.32463140972,3.71080919425003,-0.00940744946710765
69,3,120.024300552905,3.27594940108247,0.00960346141364425
70,3,602.813045633957,1.63532219151966,0.00287396525964141
71,3,971.043413644657,1.15592123032548,0.0182570908451453
72,3,106.300783948973,1.82826601923443,0.000781290768645704
73,3,172.057123994455,4.99440355831757,0.00543717953842133
74,3,264.211224997416,1.71194018702954,0.0341240104753524
75,3,870.334074273705,1.37220420897938,-0.0187489839736372
76,3,835.184305813164,1.14287003781646,-0.0464051879709587
77,3,1071.87563567422,3.08695951616392,0.0315994060598314
78,3,566.472376836464,5.270140187582,0.0278576789423823
79,3,174.384513311088,2.65244470234029,0.0359379491303116
80,3,748.818124318495,3.22218257840723,-0.0434280643472448
81,3,858.593169506639,3.0674161799252,-0.0491193881491199
82,3,237.106081005186,2.75875392043963,0.00916808755137026
83,3,496.584594622254,5.63925139745697,0.0369615380419418
84,3,324.985329201445,5.65027278172784,-0.00537081141956151
85,3,157.958560530096,2.40131579944864,-0.046242499537766
86,3,495.892688306049,4.64654974779114,-0.00897094167303294
87,3,164.928299980238,2.08392449794337,-0.0134783788817003
88,3,325.886432919651,5.70123888691887,-0.00234151694457978
89,3,154.62910910137,1.32149486592971,-0.0366322244284675
90,3,770.282039558515,5.94334456976503,-0.002054374339059
91,3,397.741782618687,2.05104240123183,-0.023568730824627
92,3,200.721582304686,2.59266216563992,-0.00100670584943146
93,3,171.904097218066,1.6088494323194,0.040606120461598
94,3,980.440568784252,3.92107123066671,9.97344264760614e-05
95,3,854.247402073815,4.29171705758199,0.0203506809892133
96,3,916.605887608603,5.98082513804547,-0.0442089972319081
97,3,1082.14037367143,1.97033783444203,0.0189310917630792
98,3,203.599644964561,5.0824835957028,0.029879527585581
99,3,199.041829351336,4.09726029983722,-0.0481144967488945
100,3,898.831611173227,5.92803554283455,-0.0463185428176075
1,4,884.575266530737,3.20895982580259,0.00778222321532667
2,4,109.429905097932,4.62092611379921,0.0290035859448835
3,4,879.065882787108,1.3792431158945,0.0235261033289135
4,4,829.390651918948,4.1517137598712,-0.0231462280964479
5,4,730.131852813065,2.07293225708418,0.0305366424378008
6,4,580.910829966888,5.59563775919378,-0.00750671222340316
7,4,256.63685137406,5.05976001638919,-0.0334784807171673
8,4,108.215519832447,5.28057963494211,0.0104047569446266
9,4,552.458394225687,5.08378622960299,0.0325760356150568
10,4,592.293328745291,3.08550845156424,0.0280950927408412
11,4,489.587111538276,5.88774551893584,-0.0418523100670427
12,4,564.665941894054,3.49681829940528,-0.0429241631645709
13,4,813.279000716284,3.49285832280293,0.0458960017655045
14,4,155.301926331595,2.71736126067117,-0.0409707242855802
15,4,454.783097514883,1.33674697042443,-0.0287748747738078
16,4,902.812272915617,5.53682669438422,-0.00607964070513844
17,4,935.708837024868,2.10559867811389,0.0277871488593519
18,4,337.749404972419,2.48831946542487,0.0351407959358767
19,4,453.986102622002,4.29271231312305,0.012472390383482
20,4,956.885420158505,3.83309954800643,-0.0111959089990705
21,4,953.763373801485,5.85646195011213,-0.0356245149159804
22,4,395.895455405116,1.52466116612777,0.0381672804243863
23,4,247.048324579373,3.71899462910369,0.0373741812538356
24,4,803.992061316967,5.5768606744241,-0.0161376307951286
25,4,203.806688217446,5.36468701809645,0.00133129635360092
26,4,133.727772999555,5.52269454603083,-0.000606457563117147
27,4,1099.40452794544,4.89390281750821,0.0293437806423754
28,4,134.874804085121,1.83585535059683,0.0418415119173005
29,4,438.391283759847,1.60692454571836,0.00863602687604725
30,4,1015.06376164034,1.59147065272555,0.0323480394203216
31,4,717.235269630328,3.16033795615658,0.0307438910007477
32,4,386.285348702222,4.88693483429961,-0.0218427015701309
33,4,837.797403009608,5.52049047569744,0.000864859926514328
34,4,934.054309176281,3.13233140064403,-0.0204770559677854
35,4,414.270780421793,5.04755553114228,0.0367623769445345
36,4,592.566547822207,3.341875518905,0.0213367390912026
37,4,797.373766219243,4.39301548665389,-0.0137648693751544
38,4,741.462353989482,4.79362942068838,0.0497030258877203
39,4,743.922914983705,4.41679807635956,0.0201003309339285
40,4,1077.85340482369,5.2378980666399,-0.0262521106051281
41,4,514.735334459692,2.55784954782575,0.0147496965713799
42,4,219.404779979959,1.91383401304483,-0.0156047727447003
43,4,626.029660133645,1.46760085038841,0.0300626118434593
44,4,325.073350826278,1.07397296838462,-0.0174972134875134
45,4,586.411764053628,5.51206651399843,-0.0232714166631922
46,4,470.214798487723,4.98026459035464,-0.0430218876572326
47,4,1083.35018078797,1.38885949295945,0.00705173707101494
48,4,488.319115154445,1.50871545216069,-0.0495829158229753
49,4,329.244840331376,1.86946045747027,-0.021909834863618
50,4,723.297546291724,3.64339010231197,-0.0219912801403552
51,4,236.540197068825,4.67657007300295,0.0318229336291552
52,4,1067.46949432418,1.59109332505614,-0.0382665688870475
53,4,615.071807894856,1.51719696028158,-0.0237835426814854
54,4,263.070329232141,3.76131732040085,-0.00607671882025898
55,4,721.902295155451,2.4525928394869,0.0458384463563561
56,4,1085.95416522585,3.20220262301154,-0.0182374806841835
57,4,768.771517463028,1.59222152223811,0.0285344613250345
58,4,518.915896909311,5.60809304146096,-0.0368470443412662
59,4,423.344993172213,4.6629474896472,-0.000546851940453053
60,4,935.255319951102,3.3076523153577,0.00252105686813593
61,4,243.817043630406,4.36157213430852,0.0386129127349705
62,4,292.815946880728,2.44247205578722,-0.0138316116062924
63,4,996.738682640716,4.31722705624998,-0.00337066983338445
64,4,408.119554305449,2.87534321565181,-0.00599222285673022
65,4,463.300543511286,4.3546177088283,0.0213371852645651
66,4,883.946478739381,3.06362281460315,-0.0448814082192257
67,4,293.378679919988,4.55660117114894,0.0201317793456838
68,4,117.765811877325,2.40537978615612,0.0163476302055642
69,4,506.607866287231,4.69352238951251,0.0163866388145834
70,4,583.167669270188,3.87460726918653,-9.63348429650068e-06
71,4,521.844950178638,1.12247992795892,-0.0224667601054534
72,4,442.808801680803,2.8134736281354,-0.0126812065253034
73,4,966.483314661309,3.2042463615071,-0.0394504352007061
74,4,555.10805095546,3.01700976351276,-0.0245037870947272
75,4,633.764873631299,3.72386083961464,-0.0453676851931959
76,4,1063.84333190508,5.31598252966069,-0.003039197367616
77,4,874.591542081907,4.82837328128517,-0.0175911554135382
78,4,308.876348566264,1.32710954081267,-0.0290012667654082
79,4,408.786832727492,1.58758987928741,0.0252631238428876
80,4,1071.34245024063,2.54894103645347,-0.0256124472245574
81,4,684.900093497708,2.54339153552428,-0.00944617439527065
82,4,860.823625372723,4.66168397362344,0.0203397483564913
83,4,472.709394432604,1.70745679433458,-0.0385579722002149
84,4,869.193911226466,5.88786618807353,-0.0365243961801752
85,4,637.6771830488,5.27399507956579,0.0484476802172139
86,4,1013.99544966407,3.91961866081692,0.0476772773312405
87,4,285.296441894025,5.49782126932405,0.0258663358399644
88,4,382.218417385593,1.0467227154877,-0.0469940521987155
89,4,194.962413189933,4.92278543091379,0.0474209727486596
90,4,310.487079108134,5.53900738852099,0.026027034712024
91,4,1077.09899628535,1.55388779961504,0.0387442039093003
92,4,396.302175382152,3.3291050165426,-0.0278046894585714
93,4,825.983026903123,4.3717413037084,-0.0229525689268485
94,4,885.68783425726,3.32726230402477,0.0107255024835467
95,4,205.417746119201,5.37510270858184,-0.0159801412606612
96,4,339.5946290344,3.00542768114246,0.0256969291251153
97,4,370.544872386381,3.8334257286042,-0.0425162585452199
98,4,201.05849406682,4.26852873084135,0.0390628923662007
99,4,217.91384126991,2.42829864751548,0.0270493616582826
100,4,1091.23655585572,5.45972425397485,0.0382698432309553
1,5,1086.05429730378,1.69356672232971,0.0447775728302076
2,5,237.067471398041,3.785970706027,-0.0175994944060221
3,5,1005.30958166346,2.26464213128202,-0.0321340281516314
4,5,676.301837572828,1.36803085356951,-0.0350149942794815
5,5,495.448859082535,4.81324312649667,-0.0385356521699578
6,5,549.802484130487,4.03184387972578,-0.00287216224242002
7,5,806.50190114975,2.66496932622977,0.0311294877901673
8,5,182.502745790407,5.54831809387542,0.0366742427926511
9,5,439.312580181286,3.95013598399237,-0.0435300870798528
10,5,780.787551216781,5.73212864715606,0.0231956482166424
11,5,416.949248081073,5.51165269361809,0.0472672674106434
12,5,931.568598048761,2.93484019371681,-0.0188882802380249
13,5,315.172082651407,4.59240497462451,0.0216385000618175
14,5,597.948936186731,5.13673527422361,0.00952018692623824
15,5,376.049672625959,5.56911022309214,-0.0456817764788866
16,5,292.023318726569,1.65309399389662,-0.00508631297852844
17,5,1050.62126405537,1.2220853837207,0.0138674824265763
18,5,421.725537767634,5.94116933899932,0.0300675096455961
19,5,578.456383803859,2.94739676895551,0.00418842441868037
20,5,127.99257193692,4.55526706553064,0.0381819662172347
21,5,647.459468012676,3.62970038456842,-0.0493214324582368
22,5,744.240220542997,2.93450637627393,-0.00531751902308315
23,5,696.263544633985,4.59283415367827,-0.00166940663475543
24,5,421.937375701964,5.40090358722955,0.0293270056368783
25,5,991.114312456921,1.6058009818662,-0.0221485708141699
26,5,726.256947405636,2.83526118402369,0.0090550301829353
27,5,402.904915297404,4.94965931773186,-0.031254048878327
28,5,488.204663759097,2.07800115947612,0.0307281748624519
29,5,260.475092474371,4.10363380471244,0.00943374112248421
30,5,962.551897531375,2.8886117846705,-0.0227659876691177
31,5,1053.10121378861,4.02017649984919,0.0302584853023291
32,5,663.644683454186,3.82259134110063,0.0104906654218212
33,5,429.547413391992,4.47221650066786,0.0457916963612661
34,5,1096.61721871234,5.07071843277663,-0.0321390725439414
35,5,334.819675795734,3.26842117263004,-0.0495762141887099
36,5,712.671965267509,2.84982347534969,-0.0128238955745474
37,5,208.17852942273,5.11329519120045,0.0271444173762575
38,5,587.032569944859,3.5631213572342,0.00731278639286757
39,5,199.445823347196,4.7079091265332,-0.0329540525330231
40,5,261.16576269269,5.24669239087962,-0.0410604568663985
41,5,382.992870779708,3.20149857690558,0.0376226934604347
42,5,683.872335962951,3.02954153297469,-0.0354402484139428
43,5,831.707658851519,5.25458805402741,0.0135276664048433
44,5,265.520911104977,4.63512306008488,-0.00537623018026352
45,5,966.467763204128,4.07535125757568,0.0425765042891726
46,5,808.574137184769,4.50000531645492,0.0111899788025767
47,5,860.39953622967,4.74086481984705,-0.0430931082926691
48,5,247.084108553827,2.3092382135801,0.00168082909658551
49,5,458.056963421404,2.38098325813189,0.0189569796435535
50,5,773.332481412217,1.99731885828078,-0.00150946415960789
51,5,623.822601651773,5.71497998456471,0.0116063921479508
52,5,449.801792763174,2.3557284057606,-0.00208742199465632
53,5,340.530701586977,3.49204324558377,0.0352648963220418
54,5,158.19179629907,1.18343940959312,-0.0232341537252069
55,5,336.619742121547,5.00868616416119,-0.00914080580696464
56,5,990.077913179994,3.02612282941118,0.0299616874195635
57,5,911.82741606608,3.30062952614389,0.0373691673390567
58,5,847.516322182491,5.65576075250283,0.00388954088557512
59,5,254.911725781858,2.94940362824127,-0.0171825983561575
60,5,224.742088606581,4.72908184537664,0.00782891409471631
61,5,1074.72580848262,4.91804248327389,-0.0166124768555164
62,5,536.129996087402,2.0372812661808,-0.0341504363808781
63,5,564.016626821831,1.28263364802115,0.00101237948983908
64,5,265.29808123596,2.65756916860119,-0.0463526937877759
65,5,684.936557337642,4.41902592801489,-0.0357521972153336
66,5,370.77801944688,4.83887134143151,-0.0328072638250887
67,5,330.096920393407,4.26524695730768,-0.017601051251404
68,5,791.207831492648,5.66901997104287,-0.0146427198546007
69,5,382.852399628609,1.0175797578413,0.0366501310374588
70,5,910.398066183552,2.89194546313956,-0.0143560681724921
71,5,193.916607089341,4.21852025575936,0.0450715264771134
72,5,922.030071169138,1.49536305596121,-0.00175774521194398
73,5,527.428280701861,1.07531730923802,0.0367415025830269
74,5,855.887259729207,1.74282535235398,-0.0182376389857382
75,5,762.385506555438,4.7265515665058,-0.016453251731582
76,5,544.527396932244,5.26373375463299,-0.033859728067182
77,5,727.146184444427,2.62472728639841,0.0124939525965601
78,5,100.465349061415,2.33334754384123,-0.0316590843722224
79,5,317.243514023721,2.21773721068166,0.00392282553948462
80,5,804.872245667502,5.78125145775266,-0.0303829107200727
81,5,315.166488196701,3.48634369694628,-0.0395989795681089
82,5,913.933721277863,4.47225787700154,-0.0169735613279045
83,5,407.763874297962,5.57565956981853,0.0101568163139746
84,5,787.742685666308,4.04460893501528,0.019040890224278
85,5,1032.68107902259,2.31304428912699,-0.0295113541418687
86,5,215.779664833099,5.59465368883684,-0.00849745217710733
87,5,227.705687889829,4.55806539300829,-0.0355569638777524
88,5,778.223857423291,1.21914296899922,-0.0292442414909601
89,5,528.94859588705,4.16753813414834,0.026592900021933
90,5,934.400977939367,5.26366193918511,-0.00183728279080242
91,5,1071.43806680106,1.59547929675318,-0.0260506224352866
92,5,170.488977711648,5.760189516237,0.0296401320723817
93,5,559.78519320488,1.20419929875061,-0.005726901255548
94,5,801.58511842601,1.85299990838394,-0.0330050181364641
95,5,186.940167937428,1.11576704797335,-0.0334901113063097
96,5,1092.94401612133,2.94954953272827,0.0468649524264038
97,5,353.098994027823,4.54638570453972,0.00223069626372308
98,5,149.538435647264,4.27877772855572,0.00225332728587091
99,5,786.324946815148,3.43071358418092,0.0188762810081244
100,5,886.927352659404,1.40361581370234,0.0288080188445747
1,6,453.606075979769,5.83942200313322,0.0192357980180532
2,6,466.441444959491,3.80136432615109,0.0379430215340108
3,6,387.100130692124,4.58453080640174,-0.0358870374737307
4,6,179.972912324592,2.41712378012016,-0.0234754728386179
5,6,465.454269573092,5.01126451790333,0.0395811759633943
6,6,278.013814613223,4.1460967916064,-0.0146089543122798
7,6,636.053720628843,5.5448045595549,0.0432277706917375
8,6,603.948712022975,2.9806259451434,-0.0172875207848847
9,6,1045.03510347567,2.54142207000405,0.0145392445847392
10,6,441.321283951402,4.65847081528045,0.0021342861931771
11,6,564.713774155825,4.47504284232855,0.00625665406696498
12,6,182.531181629747,3.17650082777254,-0.000118708820082247
13,6,960.106846084818,5.03759945183992,0.00308246170170605
14,6,495.660639973357,2.52806522441097,-0.0116862967377529
15,6,835.899350373074,5.57277656649239,0.0101621325593442
16,6,271.743405982852,4.14914694754407,-0.0236819257494062
17,6,554.761631321162,4.8858212903142,0.0146698994329199
18,6,870.204759435728,4.5857194615528,0.0166055621346459
19,6,162.649998348206,4.31588094704784,0.00544148914050311
20,6,915.081495093182,4.51546000340022,-0.019178838795051
21,6,401.142524462193,1.9631792397704,0.0243387126363814
22,6,464.671027986333,3.99039107281715,0.0347049769479781
23,6,412.112791929394,4.83585260948166,-0.0131477294955403
24,6,137.369964877144,2.18187965941615,-0.00587565037421882
25,6,618.80492339842,4.45778031274676,0.0370623822091147
26,6,779.013415705413,1.46119538834319,-0.00911523576360196
27,6,1003.23356026784,4.68520620162599,-0.00150297086220235
28,6,125.526698445901,5.72340535721742,0.000371190765872598
29,6,1089.07827073708,4.32043825881556,-0.0460429663769901
30,6,402.887624595314,4.33707787329331,-0.0104715864639729
31,6,1039.13840060122,3.10010837181471,-0.00397168379276991
32,6,787.607581727207,1.68983461242169,0.00569290569983423
33,6,547.036994853988,3.34682556823827,0.0172569853020832
34,6,916.478138789535,1.46877121319994,0.0182279258733615
35,6,139.499197853729,4.77036675577983,0.0390657377196476
36,6,839.031685516238,2.83163952780887,0.0166037084534764
37,6,448.719493718818,3.84068190841936,0.00240059865172952
38,6,929.250823473558,2.9151065708138,-0.0188971917144954
39,6,635.541391698644,2.0161935002543,-0.047381435520947
40,6,374.545363616198,3.67632692935877,-0.0369958461495116
41,6,900.948211923242,2.9292362453416,0.000192758487537503
42,6,191.644694795832,5.31142679648474,0.0010923856170848
43,6,932.107774214819,1.4678177239839,-0.0384777223924175
44,6,376.855072472245,1.31724268919788,-0.0243866191245616
45,6,853.110099583864,1.83382018608972,-0.0335493952501565
46,6,1064.1525701154,5.67827615677379,-0.0220603682566434
47,6,181.46656001918,3.21254487638362,-0.0347466295119375
48,6,954.364746483043,4.37198141380213,-0.00710919867269695
49,6,902.238217089325,1.18038999522105,-0.0287920579081401
50,6,485.173604590818,3.34210544032976,-0.0422004370950162
51,6,427.597399009392,1.22826785105281,0.0372257839189842
52,6,304.938702983782,4.10016846866347,-0.0285822501173243
53,6,669.38266265206,5.32445994112641,-0.0297162540489808
54,6,988.055190443993,1.97934580291621,-0.0183446123963222
55,6,629.714091448113,2.41049226629548,-0.0169691973598674
56,6,686.95865678601,5.32593544363044,0.0269229526864365
57,6,765.735142538324,1.16017523594201,0.00730613120831549
58,6,629.892458580434,4.91177687677555,-0.0337881922256201
59,6,609.842899395153,3.2753474698402,0.0313368955627084
60,6,116.160480910912,1.40060944273137,0.0421967917354777
61,6,147.709984937683,5.53380435006693,-0.0247519709635526
62,6,1029.35068253428,1.94503327272832,0.0251432761084288
63,6,869.285538699478,4.73047934146598,-0.0295661446638405
64,6,301.080616097897,3.15782039915211,0.0329243324464187
65,6,750.261500384659,4.35266098612919,-0.0197985628852621
66,6,753.766682371497,1.93725606333464,0.0266608599107713
67,6,495.253761438653,5.40871586441062,-0.0379344994667918
68,6,912.304828548804,1.24433724232949,0.0344651378458366
69,6,647.023417660967,2.10102443373762,0.0321222333004698
70,6,985.132651543245,2.30900233052671,0.0353889807360247
71,6,653.313987562433,4.83604952017777,-0.0485443687764928
72,6,1006.04811161757,2.92981252097525,-0.0462073917733505
73,6,687.461367016658,2.3928655453492,-0.0201143461745232
74,6,523.463650979102,1.38807756034657,-0.0173309496138245
75,6,1049.58532298915,3.50152431428432,-0.042522743716836
76,6,809.037903463468,3.25725724711083,0.0208082194440067
77,6,513.30540808849,5.9330080661457,-0.047481361660175
78,6,118.364083720371,1.71067170239985,0.0324060465209186
79,6,666.734082764015,5.16917875758372,0.00114314001984894
80,6,590.063453093171,1.14764745021239,0.0266707665054128
81,6,978.67402122356,4.893793518655,0.0438004500931129
82,6,912.852687900886,2.14336970145814,0.00419610026292503
83,6,954.099977528676,1.66930059227161,0.044893776695244
84,6,467.895947769284,1.95305461902171,-0.0183055333094671
85,6,973.949912842363,2.07932319864631,-0.0213206362212077
86,6,251.338171446696,5.67085696058348,0.0468380624894053
87,6,381.81166970171,5.94408827275038,-0.0257084745913744
88,6,766.705157840624,2.55012464267202,0.0299734601518139
89,6,1077.38357679918,1.6856543966569,-0.0204789593117312
90,6,682.739736652002,4.30492903362028,0.019678560225293
91,6,626.590079534799,3.9245668835938,0.0261182111222297
92,6,160.782224871218,2.72032666276209,-0.0226269703591242
93,6,1069.03886366636,5.06978269224055,-0.0494791889796034
94,6,220.237128576264,2.41591979772784,-0.0077900062315166
95,6,188.36330100894,5.22920530312695,0.00978169187437743
96,6,980.764114903286,1.6851094274316,-0.00578326277900487
97,6,608.370629744604,5.30973878130317,-0.0157459831796587
98,6,437.494997307658,1.33560309442692,0.00166463917121291
99,6,994.334625452757,3.17604217701592,-0.0271543159848079
100,6,131.971628079191,4.40067479759455,-0.021058001392521
1,7,337.229697406292,2.02913460112177,-0.0477578277699649
2,7,786.490351101384,5.71269523724914,0.00283665200695396
3,7,325.818423321471,2.89661895972677,-0.00815367484465242
4,7,418.494588136673,4.13120070612058,0.0474797966191545
5,7,273.983816755936,1.9175120096188,-0.0450431998353452
6,7,901.42958369106,4.29603809164837,0.0138501224806532
7,7,246.28205797635,4.67346455343068,-0.000610671215690672
8,7,922.717391652986,3.47839716495946,-0.0495293746935204
9,7,430.997828627005,5.34359371894971,-0.0314580177888274
10,7,474.169387854636,5.15918972226791,0.0134250906761736
11,7,729.745423793793,5.91649412666447,0.00184722901321948
12,7,196.633743029088,4.33425112534314,0.0391679307213053
13,7,121.993715316057,4.21430071024224,0.0177602164214477
14,7,1093.04478033446,1.22572642425075,0.0013767990283668
15,7,683.938845666125,1.95423221238889,-0.0192777519114316
16,7,881.823065131903,1.16293621854857,-0.0102610679809004
17,7,991.896122600883,5.23597238957882,-0.034670382598415
18,7,854.865453578532,3.12228627991863,-0.0120191052090377
19,7,1079.20373012312,5.08601719303988,-0.0229645843384787
20,7,144.147067936137,1.75829996610992,0.0445289759431034
21,7,1003.40088470839,3.02922052820213,-0.0247739598155022
22,7,965.500814048573,4.61254465766251,0.0235731441294774
23,7,875.407591369003,1.29816914233379,-0.0432317498140037
24,7,476.816416857764,2.65174611611292,-0.0129191006300971
25,7,142.108048684895,4.88382000965066,-0.0282486466458067
26,7,464.411081653088,5.20229672570713,0.0378981720656157
27,7,373.751269793138,5.35290765133686,-0.00766791515052319
28,7,950.46748071909,5.76520950789563,-0.0178964442806318
29,7,462.401712452993,2.91977876238525,-0.00873888870701194
30,7,404.477790603414,5.75315983290784,-0.0343604013556615
31,7,859.135339409113,4.52052312809974,0.0129126869840547
32,7,944.834624323994,3.10990696912631,0.0269396605435759
33,7,557.92156108655,2.95658046985045,0.040179990651086
34,7,829.63166446425,2.0528337280266,0.0110150262247771
35,7,204.078636039048,4.76240090467036,0.0130686094984412
36,7,319.983177725226,3.22538925241679,0.0162064179545268
37,7,1053.95124773495,3.26657421211712,0.0429999449523166
38,7,852.037541242316,1.41625429643318,0.0492246342124417
39,7,918.955383263528,2.82584514375776,-0.0241483576828614
40,7,517.777101742104,5.47476452914998,-0.0209156800992787
41,7,693.838493106887,3.72218922968023,0.0411599162733182
42,7,898.823557794094,1.15413533197716,-0.0126692773075774
43,7,988.408650411293,2.94216541596688,0.0223546234425157
44,7,485.191593319178,1.56697622989304,0.0339972241548821
45,7,190.322084259242,2.38627229491249,-0.0383312295423821
46,7,725.743637094274,4.59759915503673,0.0344545478001237
47,7,845.636217296124,2.88012592494488,0.01562209201511
48,7,185.378457326442,4.17229977226816,-0.0490719320718199
49,7,400.517611205578,3.48373896232806,-0.0392085008788854
50,7,714.562157308683,5.03743228875101,-0.00728328339755535
51,7,852.932057948783,3.91094204061665,0.0328239374328405
52,7,1017.05713304691,1.86006401688792,-0.0164732699049637
53,7,575.750505691394,5.68645519809797,-0.0205313943792135
54,7,667.119466140866,1.26905437349342,0.0406770662637427
55,7,836.620346084237,1.43616093578748,-0.00933264142367989
56,7,957.447424437851,5.20779002830386,0.00676537270192057
57,7,1009.14650447667,3.10444630472921,-0.025160100008361
58,7,156.382225360721,4.58743026386946,-0.0365733988815919
59,7,602.908304100856,4.68075365549885,-0.0302942426176742
60,7,450.544773042202,5.93735272553749,0.00301142481621355
61,7,945.556122949347,5.80483559775166,0.0455635407241061
62,7,906.435163831338,1.70896867197007,-0.00800316925160587
63,7,217.33122728765,4.32475657924078,0.0339353556046262
64,7,812.686554994434,1.16577121103182,-0.0420301004312933
65,7,335.268858028576,3.47256675269455,0.0250229800818488
66,7,174.956751195714,4.95676211337559,-0.0233929492766038
67,7,1035.64614723437,2.89604876795784,0.00293436106294394
68,7,257.167825149372,5.74149680696428,-0.04549284724053
69,7,747.057350026444,4.30337890191004,0.0269236212363467
70,7,273.517746152356,3.16382547630928,0.0410527361789718
71,7,120.074009196833,5.19341299100779,0.024592234287411
72,7,621.313846344128,5.02349361451343,-0.0402587902732194
73,7,186.277893278748,3.13531152578071,0.0445590116782114
74,7,383.002346055582,2.64695254759863,-0.0321471880190074
75,7,520.434901025146,3.82520256470889,0.0302348509430885
76,7,687.278124177828,5.30614585988224,0.0171268182341009
77,7,906.694429600611,3.9293551237788,-0.0081678367452696
78,7,301.995208859444,4.22560064145364,0.0253507938003168
79,7,559.424671716988,4.83542034775019,-0.00850746047217399
80,7,548.143113870174,4.46428512013517,0.00940315444022417
81,7,833.747758204117,5.33398841414601,-0.018013365403749
82,7,814.754810556769,1.47348776133731,0.0146481221308932
83,7,931.221978878602,4.04969647084363,-0.0141973382793367
84,7,986.566120898351,2.20437394827604,0.0371845878660679
85,7,1052.64457399026,3.34820829471573,-0.00935490033589303
86,7,650.616721855476,2.4196104335133,-0.00441700879018754
87,7,622.335766116157,5.59220639313571,0.0389312626095489
88,7,270.698255300522,2.9987202459015,0.015208290447481
89,7,579.271559976041,3.82672330155037,-0.0490053490037099
90,7,353.820796497166,1.40438506170176,0.0155558878323063
91,7,139.78063701652,5.71350092440844,-0.0258612344041467
92,7,734.800509782508,4.67889302666299,0.0465548790758476
93,7,639.560914039612,3.37656108103693,-0.00528561417013407
94,7,240.103549929336,1.90921624330804,0.0168631078675389
95,7,383.711776835844,4.65183440269902,-0.040029921894893
96,7,683.030595211312,4.0731352197472,-0.0293274616356939
97,7,265.025892201811,1.30520795029588,0.044728719163686
98,7,196.301110694185,1.26647691614926,0.0068032069131732
99,7,528.613091353327,3.27628157474101,-0.00924874413758516
100,7,455.761565733701,1.90481068473309,0.00797955105081201
1,8,944.933539861813,3.45652962010354,-0.0367985332617536
2,8,360.132473660633,5.90935724112205,-0.000203244085423648
3,8,123.144492181018,2.12061053630896,-0.0313700009370223
4,8,962.399539677426,4.56264327652752,-0.025950267445296
5,8,434.587961202487,1.75063029653393,0.0308503576321527
6,8,731.788871716708,3.6286291971337,0.0178555760066956
7,8,646.426258748397,5.14237911696546,0.0469189246417955
8,8,476.444493187591,1.63430272159167,-0.0361557346535847
9,8,285.873015085235,5.09841640852392,-0.00494486568495631
10,8,528.940591169521,2.23001708183438,-0.00104300433304161
11,8,730.773598561063,1.48508982756175,0.00426169368438423
12,8,620.842351252213,1.81850726739503,-0.00436666838359088
13,8,759.621337195858,4.32177601987496,-0.0328571433201432
14,8,829.360931320116,4.38714058394544,0.0214840275235474
15,8,586.822873353958,1.66475938074291,0.0406021132133901
16,8,484.456615662202,5.89761992357671,-0.0209710574708879
17,8,106.833508843556,1.73306237813085,0.0265054655494168
18,8,103.684227587655,5.70908376970328,0.0429564975667745
19,8,1094.93644014001,4.50175872445107,-0.0490077182184905
20,8,207.886880170554,3.83981451764703,4.81336610391736e-05
21,8,518.66915835999,2.23174494714476,-0.0240611748537049
22,8,817.884546611458,2.70435766223818,-0.00378629353363067
23,8,842.539132246748,5.19880972709507,-0.00925531229004264
24,8,971.998823713511,5.60760733112693,0.0335311874980107
25,8,707.867961050943,3.57682443596423,-0.0366103786276653
26,8,856.203351309523,5.440560991643,0.0369531350908801
27,8,947.241298062727,4.52036101510748,-0.0107659549452364
28,8,712.779648974538,3.11881394847296,0.0120009697740898
29,8,893.224167777225,2.50134551688097,-0.0371485482901335
30,8,122.85468345508,5.816922203172,0.0381674414733425
31,8,516.914549656212,1.62410298036411,0.014031763933599
32,8,974.882387463003,4.40170266455971,0.0011992503888905
33,8,747.347015561536,5.0991957182996,0.013143061590381
34,8,1024.47898676619,2.08137410948984,0.0464617025339976
35,8,272.225096030161,3.97043589525856,0.0291312667075545
36,8,415.812789136544,1.80847965320572,0.0448998812353238
37,8,904.256279254332,3.02763259760104,0.0161461870186031
38,8,1088.96341118962,2.19442549534142,-0.00442330115474761
39,8,422.385551873595,3.63799422769807,0.0444544750964269
40,8,101.191628398374,4.35477400571108,0.0169426065403968
41,8,1092.17061931267,5.53782485099509,-0.0150302721420303
42,8,248.352391785011,2.66398591245525,-0.0153289237059653
43,8,149.364297185093,2.21268249698915,-0.0484352577710524
44,8,697.353482618928,2.549943680875,-0.00487093150150031
45,8,421.328443475068,2.13402767456137,0.00102354250848293
46,8,627.929000323638,1.6150156725198,-0.0439770736731589
47,8,895.422020368278,2.33877812768333,0.0242105067241937
48,8,168.932596826926,5.61826818529516,-0.0346866842592135
49,8,795.02069731243,1.28242079773918,-0.015587666281499
50,8,1048.63150734454,3.50727573409677,-0.0119296459946781
51,8,377.769317384809,4.96892968099564,0.0419374490855262
52,8,349.406585237011,5.18963672593236,0.0137143384898081
53,8,259.435480134562,3.88136834162287,0.0363191005308181
54,8,171.630056016147,2.20925044990145,-0.00871286529581994
55,8,657.437583105639,3.91031112428755,0.0204536548117176
56,8,589.83705160208,1.6875778362155,-0.0302721878746524
57,8,594.292361894622,3.41356162005104,0.0027813529362902
58,8,988.371585169807,1.46842806390487,0.0399794371798635
59,8,136.704359808937,2.52484763995744,-0.0209354732418433
60,8,303.743813559413,4.38352677295916,-0.0194372309371829
61,8,613.781139161438,2.02567494148389,-0.00702235633507371
62,8,336.339889001101,2.97459253016859,0.0386698084883392
63,8,675.435669859871,5.01426553027704,0.01805287420284
64,8,582.257911469787,2.1416034726426,-0.00622081318870187
65,8,669.352688733488,1.38453758927062,0.033342707133852
66,8,244.152315100655,4.89112453907728,-0.0257994929561391
67,8,245.708762574941,4.35069848340936,-0.0116428736131638
68,8,512.283112993464,3.55554836825468,-0.0379733688896522
69,8,783.0102824606,2.07001030119136,-0.0266770714428276
70,8,753.427820419893,1.93846649397165,0.018757534888573
71,8,1015.98633304238,4.0557358788792,0.0493349484633654
72,8,913.113132491708,1.19370744819753,0.0332168091554195
73,8,775.89000123553,2.14720276673324,0.0197965207044035
74,8,907.499109301716,5.11968944827095,0.00248418308328837
75,8,228.064419608563,2.50184124941006,-0.0316897085634992
76,8,350.778533983976,1.08045904687606,0.0482141824206337
77,8,431.546991597861,5.80791795882396,0.0324067794485018
78,8,507.269289949909,1.43873346759938,0.046828719926998
79,8,735.3675769642,4.74011698528193,0.00245937504805624
80,8,908.612044900656,5.18004106264561,0.0244078590301797
81,8,358.801201358438,1.07990267360583,0.0295821736566722
82,8,919.467139896005,5.26430749124847,0.000142697081901133
83,8,115.477668959647,3.75148632586934,0.00206547582056373
84,8,754.400766594335,2.69843704206869,0.0204712382750586
85,8,911.719584278762,2.62850935943425,-0.00232965603936464
86,8,561.368926800787,4.19610056001693,-0.0205905965762213
87,8,303.417101642117,1.63923648325726,0.00360994031652808
88,8,118.768217181787,2.55560550745577,0.00892459393944591
89,8,383.132697222754,3.91541303275153,0.01601163870655
90,8,1015.27262562886,4.79598119296134,0.0456205694703385
91,8,1033.69652051479,3.75851570884697,-0.0229097492760047
92,8,642.531613726169,4.43893652665429,-0.0235256812069565
93,8,319.422545982525,2.85632168781012,-0.0243883043294773
94,8,589.427804015577,5.53373428434134,-0.00649643586948514
95,8,901.148736150935,5.87867661868222,-0.00732988868840039
96,8,507.63065777719,4.83047090726905,-0.0108630238566548
97,8,203.711566887796,1.06133056827821,0.00680066209752113
98,8,380.56517476216,3.61301987920888,-0.0126972272992134
99,8,461.466220580041,4.99523125728592,-0.0124521012650803
100,8,359.244841057807,2.03727785171941,-0.0193418198963627
1,9,570.68183356896,2.93140891962685,0.0124372346093878
2,9,465.845473250374,3.71191389416344,-0.0335358896059915
3,9,221.272054268047,4.72126541100442,-0.036471163504757
4,9,146.993680531159,2.66666215867735,-0.0417979390360415
5,9,362.796304188669,2.62457619095221,-0.0423778942087665
6,9,1068.64116797224,3.11871518404223,0.0190037431195378
7,9,588.49548236467,2.38150674523786,0.0470755215268582
8,9,577.822029730305,4.13045074813999,0.0292530603706837
9,9,848.792881146073,1.21798922447488,0.0154639614513144
10,9,767.640231316909,4.0326739337761,0.019013705663383
11,9,149.415596760809,3.08524548448622,-0.0154326642397791
12,9,795.105244405568,1.21809511235915,0.0144054788397625
13,9,463.261566730216,5.96703870245256,-0.0110245077172294
14,9,984.133607381955,4.13280520495027,-0.0375707989325747
15,9,875.297229643911,5.1942007583566,0.0283807958010584
16,9,239.203641330823,2.98542314930819,0.036808240856044
17,9,395.009271241724,5.7654449287802,-0.00832913552876562
18,9,226.08278542757,2.8919889011886,0.0149000793462619
19,9,689.90162378177,5.09947543754242,0.00761739190202206
20,9,661.675608856604,1.03613275708631,0.0394076148048043
21,9,788.721120124683,5.36871327110566,-0.0104389578802511
22,9,411.270809033886,1.36971996771172,-0.0103510389104486
23,9,705.586841469631,5.08352125436068,-0.0191952034598216
24,9,1091.03431892581,3.93021518271416,-0.0402869412908331
25,9,843.204915197566,4.41373177245259,0.0226476098876447
26,9,175.857130344957,4.57078861794434,0.0389751142356545
27,9,551.168906409293,2.4005263929721,0.00562603739090264
28,9,153.536934545264,4.36756779113784,-0.0368419896345586
29,9,439.55551404506,2.4851968921721,0.0403509787516668
30,9,833.95214881748,3.85522887366824,-0.0103485627565533
31,9,104.106940468773,1.27353090699762,-0.0369789548683912
32,9,871.909482311457,2.73804208403453,0.0399600981036201
33,9,562.975211208686,3.48839542153291,-0.00538155827671289
34,9,820.840350026265,3.65844492358156,-0.0066525444155559
35,9,766.505717206746,5.07884188694879,-0.00827715648338199
36,9,672.073720628396,3.55163233261555,-0.0185841457452625
37,9,803.812950057909,5.24472900805995,-0.0358781815739349
38,9,757.22106047906,3.97096431604587,0.0290469069033861
39,9,389.352145045996,3.68947645672597,0.0340826068073511
40,9,197.239455673844,4.13520206720568,-0.0307029984192923
41,9,1062.42132107727,2.45986904739402,-0.0042764067882672
42,9,836.334029119462,3.83619569148868,-0.0247218170436099
43,9,712.723468570039,5.99749991227873,-0.0417059046914801
44,9,219.928880827501,5.60226984228939,0.0269054801901802
45,9,650.259046489373,4.84671596926637,-0.0223121787654236
46,9,362.756277807057,5.21866355813108,0.000507813948206604
47,9,998.360831197351,5.61139934253879,-0.0365492458920926
48,9,109.179945802316,4.00395068363287,-0.00227650648448616
49,9,336.234935931861,2.8390096409712,0.0350618213415146
50,9,230.044595338404,4.7350175040774,-0.0485931185074151
51,9,426.233146712184,3.42430369602516,0.0494503231020644
52,9,826.39888827689,1.02405411214568,0.0289007346378639
53,9,1091.74523539841,4.36571222869679,-0.0249753997428343
54,9,815.133527759463,3.01823789277114,0.0240523375803605
55,9,604.439810989425,5.76591017330065,-0.0036742344731465
56,9,536.047671828419,1.67185709718615,-0.0464543839218095
57,9,1048.82525061257,2.88859972753562,0.0110159601550549
58,9,220.181487640366,5.49928516405635,-0.00997338460292667
59,9,175.145176611841,5.01670504943468,0.0496625272091478
60,9,989.021492796019,3.53213671967387,-0.00574120164383203
61,9,524.452095059678,1.09046867955476,-0.0490070558618754
62,9,142.360678780824,2.25136565999128,-0.0474557051900774
63,9,747.442143643275,2.52994074858725,-0.0196358531247824
64,9,568.619162449613,4.30862019909546,-0.0375663307728246
65,9,717.926123319194,1.49088499508798,-0.0385472122579813
66,9,370.815432537347,5.82645225478336,-0.00479512640740722
67,9,257.295286655426,5.33611828950234,-0.00900310284923762
68,9,214.254270214587,2.42431285581551,-0.0228661885252222
69,9,607.682863157243,3.17343618976884,-0.0108687264844775
70,9,648.032287508249,2.7047452100087,0.00563394383061677
71,9,240.646189451218,2.7406498757191,-0.0267246469622478
72,9,269.76905008778,2.52086609043181,-0.0452577478252351
73,9,861.985323159024,5.57257984089665,0.0466684563085437
74,9,627.394940610975,2.41789425630122,-0.0340233607916161
75,9,960.989357577637,5.33923659496941,0.0101435825228691
76,9,773.55498787947,5.08345647389069,0.0438520800089464
77,9,113.041029684246,1.92293561785482,0.049165769922547
78,9,793.198901368305,2.13613238208927,0.00914300398435444
79,9,991.71373215504,4.32812918582931,0.029492128896527
80,9,731.85017532669,3.34039627364837,-0.0412253958638757
81,9,207.294654939324,1.54820031975396,-0.0397120272973552
82,9,1021.0652038455,1.72824148810469,-0.036960342573002
83,9,775.362381152809,2.58587166690268,-0.0274422604124993
84,9,248.593712598085,4.03601499181241,-0.0164794168202206
85,9,845.341842295602,5.7350763110444,0.0107588157989085
86,9,1042.59886187501,3.11293084779754,-0.0303615414537489
87,9,520.783375622705,5.6324428927619,-0.0218333820579574
88,9,397.723078168929,1.49820546875708,-0.0419119451660663
89,9,359.426670148969,5.33144479524344,0.0138439101632684
90,9,322.881316905841,2.30244115251116,0.0357420127606019
91,9,665.654343459755,2.42016199650243,0.0268090438097715
92,9,856.650132825598,1.82929003867321,0.0104314306052402
93,9,769.603545917198,1.14978314051405,0.0163167097838596
94,9,646.522794291377,1.49059320706874,0.0246912532253191
95,9,911.463657766581,1.59928875882179,-0.00535410002339631
96,9,859.16680204682,1.97075054771267,-0.0292772444430739
97,9,120.068466197699,5.14796298486181,-0.0240062771830708
98,9,480.903700133786,1.07657130016014,-0.00662169586867094
99,9,150.880113616586,2.92845453624614,-0.0401356684044004
100,9,897.902937280014,5.57178004900925,-0.0466867317678407
1,10,1023.69921319187,1.07642832119018,0.0133408644702286
2,10,642.598370462656,2.54825500678271,0.0037709747441113
3,10,952.364600170404,3.14251344674267,0.0321823244215921
4,10,683.562863292173,3.81065532821231,0.0161507750628516
5,10,768.323643505573,5.60382733494043,-0.00317499092780054
6,10,611.314596515149,3.58461209596135,0.0358521989779547
7,10,862.750589288771,4.70019984897226,0.0274460582761094
8,10,1003.36228790693,4.0892307125032,-0.0117663634940982
9,10,920.474512176588,2.02874754811637,0.0487044057808816
10,10,171.431849617511,3.54344520391896,-0.0286379596218467
11,10,103.896343056113,1.3053117392119,0.0473432448226959
12,10,152.198615856469,4.87251063948497,-0.00490827413741499
13,10,966.56017974019,2.02123431977816,-0.0189666577614844
14,10,676.245168922469,5.28536797291599,0.035921572917141
15,10,413.842572038993,3.56885907729156,0.0207711637951434
16,10,1059.46578378789,2.25810673693195,0.00569672889541835
17,10,691.193757019937,5.06374723417684,-0.0258726090658456
18,10,631.409335788339,1.33501278841868,0.00243983243126422
19,10,483.936671540141,1.13096739421599,0.0254844236420468
20,10,419.553229492158,3.9812815610785,-1.46262114867568e-05
21,10,908.386255288497,5.23446883214638,-0.00232703094370663
22,10,141.919498471543,3.26199580705725,0.000356539897620678
23,10,463.742694724351,3.51088655320928,0.0109335513785481
24,10,956.596966972575,2.04829803691246,-0.000646532047539949
25,10,797.946578497067,4.57793095172383,-0.0304833771428093
26,10,784.486472979188,3.68190026748925,0.00121196624822915
27,10,448.01505273208,1.2456971432548,0.0385971282375976
28,10,654.681829409674,5.11357440170832,-0.0423994731390849
29,10,237.243617558852,2.2624823267106,-0.00335433320142329
30,10,884.93155632168,3.60724466992542,0.036589687038213
31,10,986.862571584061,2.6349605016876,-0.0172172468155622
32,10,304.09588329494,1.55184420663863,0.00951229503843933
33,10,870.622961455956,5.2586608545389,-0.00305376260075718
34,10,696.362960757688,4.12320018419996,0.0259672692744061
35,10,1057.66974240541,5.24033011891879,0.00304489205591381
36,10,258.688397612423,1.63005905714817,0.046869928133674
37,10,625.974274147302,4.34125806344673,0.0449170554755256
38,10,973.151367530227,4.03966515231878,0.00749948171433061
39,10,969.706070283428,5.72833178704605,-0.0366656412836164
40,10,123.688643239439,3.90312214405276,-0.0246719610178843
41,10,1075.88969347998,2.51566426502541,0.0493033596780151
42,10,590.224198205397,5.67389568686485,-0.00922256063204259
43,10,489.170323032886,5.22179681132548,-0.0280331239104271
44,10,517.554959887639,3.12286677444354,-0.0151754242135212
45,10,192.925820499659,3.42832542629912,0.00693200689274818
46,10,261.809210199863,4.84260075981729,-0.0469660140108317
47,10,505.416495166719,2.26138409134001,-0.0480211719637737
48,10,441.81444416754,5.06019980786368,-0.0164544743020087
49,10,515.257453219965,5.1104770405218,-0.0243592424085364
50,10,404.052469087765,3.08668520790525,-0.047728407708928
51,10,660.280537465587,5.58187972661108,0.0267846543341875
52,10,255.874150572345,1.35437836544588,0.0280939901713282
53,10,1056.57976414077,5.05048042419367,0.0193302426952869
54,10,143.966625351459,3.42952235625125,-0.0448924172203988
55,10,472.157742734998,2.52617362560704,0.0159306876827031
56,10,1062.61534141377,4.0893691664096,0.0262670953990892
57,10,745.427515730262,2.59626685432158,-0.0179666098905727
58,10,161.262614326552,4.26168406871147,-0.00960184179712087
59,10,509.945928491652,5.57924153190106,-0.0467377261491492
60,10,525.905134063214,3.84539515618235,-0.000777338701300323
61,10,608.158084703609,4.189453529194,-0.0358325095381588
62,10,549.599910760298,3.08034990355372,0.0299158428795636
63,10,723.261383501813,4.98305075592361,-0.00908875865861774
64,10,239.977931044996,5.31138097075745,0.0436434737406671
65,10,1007.94640081003,2.83708561002277,0.023290976556018
66,10,669.443274755031,3.4396928481292,-0.00650373054668307
67,10,648.28057391569,5.4817593600601,0.0298828898463398
68,10,216.827622521669,3.3191142489668,-0.0133698713500053
69,10,862.028332334012,2.0466399951838,-0.0119012415176257
70,10,578.369446704164,4.38128147996031,0.0173547648126259
71,10,881.96891467087,4.6706490709912,-0.00602300660684705
72,10,146.02654860355,4.26347081223503,0.0212605291511863
73,10,919.844667799771,2.03457108838484,-0.00646823283750564
74,10,369.408447435126,5.8038577020634,0.0165371888782829
75,10,382.850414514542,1.03448582487181,0.00230641644448042
76,10,743.221559468657,5.51083276188001,0.0403585814172402
77,10,1048.11883778311,1.44821430114098,0.0437871080357581
78,10,106.998454453424,5.18547388515435,0.0461100028827786
79,10,451.617672014982,3.77103020809591,-0.0266298957401887
80,10,519.045724906027,4.01708465092815,-0.00685548088513315
81,10,557.876797067001,5.05680496478453,-0.00811212363187224
82,10,811.692579323426,2.31487312493846,-0.034041551547125
83,10,1019.84805767424,1.19973473157734,0.0031374832149595
84,10,727.110700588673,1.69143681321293,0.0433500952785835
85,10,1002.18177833594,1.52694916492328,-0.0409595109988004
86,10,857.329159183428,1.87702910299413,0.0156400331994519
87,10,237.858365662396,5.80589977581985,-0.0321482413215563
88,10,253.254878008738,1.97014320781454,-0.0251417878549546
89,10,291.312186885625,2.66090383892879,0.00793621437624097
90,10,533.185140602291,4.4615032421425,-0.0400846774922684
91,10,187.219301844016,4.46733207930811,0.0165335506899282
92,10,323.780001047999,2.43053294159472,0.0120274784276262
93,10,672.148679522797,2.49559626705013,0.0372875640634447
94,10,500.169178377837,3.14976956951432,-0.0301158290123567
95,10,665.465380670503,2.91314580384642,-0.0179287005448714
96,10,929.623878700659,5.53408258152194,-0.0090291454223916
97,10,742.11381948553,3.67380649107508,0.0427013071719557
98,10,491.498751705512,4.03703685640357,-0.0456519110826775
99,10,809.579854737967,3.52186526544392,-0.0306358792120591
100,10,208.824073104188,3.52205351600423,0.022006340418011
1,11,373.622734239325,3.11825854727067,-0.044478720263578
2,11,693.866932671517,2.08767350902781,0.0481234159087762
3,11,260.184813430533,2.59625109168701,-0.0474173441063613
4,11,953.430238785222,2.20810063788667,0.000921315117739141
5,11,947.739157732576,1.00576192513108,0.0365214336663485
6,11,577.886812528595,2.11908580525778,-0.0198385387659073
7,11,873.692122427747,5.84582311008126,0.0119768221862614
8,11,395.400080503896,3.16201432631351,0.00652359642554075
9,11,165.628111828119,5.81653564260341,-0.00518836795818061
10,11,540.53312484175,2.2791005789768,0.0442580334143713
11,11,562.098857853562,1.67715269513428,-0.0115473327925429
12,11,440.934370178729,3.81296013272367,-0.0155009485082701
13,11,285.140318702906,3.16624670545571,0.0443659313488752
14,11,606.997726857662,5.31447063223459,-0.0407492423662916
15,11,119.191030645743,5.57738472265191,0.0385152620496228
16,11,873.68603949435,4.09154465678148,-0.0201635584002361
17,11,659.66507922858,5.20465315575711,-0.0342247954802588
18,11,741.46263920702,2.44127559149638,-0.0388098947238177
19,11,568.432118650526,5.49564267299138,-0.0417889861389995
20,11,379.223810648546,1.7055162161123,-0.0268145298119634
21,11,561.216570343822,1.70958431693725,0.0361104685114697
22,11,892.738341726363,3.89783789543435,-0.00867896063718945
23,11,685.565576329827,5.97510384069756,0.0212468893267214
24,11,494.758985843509,3.66739926184528,0.0429891230072826
25,11,911.237349640578,1.64255287521519,-0.0195317815989256
26,11,418.563093896955,1.88559702504426,0.0238548529800028
27,11,681.447338219732,4.8727513665799,0.0154114183736965
28,11,555.488957930356,4.25255551142618,-0.01955289284233
29,11,368.803449813277,3.78087019687518,-0.0478475334122777
30,11,655.177204776555,4.72753576375544,-0.0117855204036459
31,11,331.230884324759,2.71606438001618,-0.0247019993141294
32,11,643.23289799504,2.95620114682242,0.00326938128564507
33,11,547.570141172037,2.76094780908898,0.0168221401283517
34,11,230.288136890158,4.11396052711643,-0.0208017852623016
35,11,721.72598275356,1.80372965079732,-0.0029061783105135
36,11,647.994283260778,2.23217766173184,-0.0120424477849156
37,11,249.244213709608,5.73834460601211,-0.040005896310322
38,11,659.545869240537,5.94170812424272,-0.0321799123892561
39,11,526.88557645306,3.67831489443779,0.0345010510180146
40,11,547.730098385364,1.22653843276203,-0.00273532241117209
41,11,933.29477161169,4.01133227301762,0.0377597282873467
42,11,819.587282743305,4.60839658649638,0.0341787294251844
43,11,556.886755535379,3.91511438204907,-0.0326401438796893
44,11,621.264262963086,3.63236722094007,0.0224595080362633
45,11,342.45707760565,2.76883372827433,-0.00735684733372182
46,11,175.860834680498,1.4003089258913,0.00852065468207002
47,11,491.295091249049,1.64196408144198,0.0267492498969659
48,11,113.10821599327,2.82937694829889,0.0425623286282644
49,11,967.499468615279,4.00073247752152,0.0306130468612537
50,11,1092.61567369103,2.18921684334055,0.0441937288735062
51,11,808.8553882204,1.09073027176782,-0.020150972600095
52,11,926.71549031511,2.54936464852653,-0.0498363681603223
53,11,991.896269517019,1.39006329956464,-0.0310174585785717
54,11,639.41073268652,2.2545621173922,0.0243365358095616
55,11,655.313591845334,1.70437469752505,0.013498115632683
56,11,376.439883746207,2.85057374066673,0.000563671113923192
57,11,759.197925822809,1.70182727067731,-0.0472318611107767
58,11,343.435242446139,3.83998333034106,-0.0438938008155674
59,11,388.266204763204,3.71340203471482,-0.0328963585430756
60,11,815.780958533287,1.81846541375853,0.0494130248902366
61,11,827.533633122221,5.72516371286474,0.0280412503983825
62,11,273.043038696051,4.12946281977929,0.00223327744752169
63,11,406.311258813366,1.32422585762106,-0.0455790617736056
64,11,469.907276704907,1.90459138038568,-0.0229815724305809
65,11,177.721554320306,4.33869067719206,-0.0385081171989441
66,11,813.150188792497,5.53363438486122,0.0222725733416155
67,11,650.922729074955,5.0790935815312,-0.00951391465496272
68,11,235.865396354347,3.2123721987009,0.0385870075318962
69,11,1074.16369407438,1.80600707209669,-0.0118701983243227
70,11,661.963158892468,1.82886508316733,-0.00722327956464142
71,11,888.409381639212,3.3947293497622,-0.046028857701458
72,11,948.914084257558,2.97931340662763,-0.00503880355972797
73,11,978.041774732992,4.97459829808213,0.0194756646174938
74,11,900.476373871788,4.84918546886183,0.0308422145899385
75,11,740.148486476392,2.99582476634532,-0.0346480859443545
76,11,728.927760757506,4.15098397433758,0.00525052133016288
77,11,371.409004693851,3.06334557267837,-0.00627948238980025
78,11,129.939825413749,2.82695375289768,0.022868697042577
79,11,519.86421495676,4.10427441378124,-0.00779188412707299
80,11,455.43467104435,5.77979016141035,-0.00504736008588225
81,11,492.331253970042,3.38036269904114,0.025698242103681
82,11,271.936832368374,4.1023188540712,-0.0253587994258851
83,11,419.642119342461,2.44612043513916,-0.00263037020340562
84,11,513.555064238608,3.03783861128613,-0.0272100634640083
85,11,859.335696697235,3.22438593045808,-0.00534362997859716
86,11,371.890205098316,2.41766844899394,0.0403471453813836
87,11,215.582457045093,5.85069477581419,0.0451011460041627
88,11,129.33661499992,5.4129941961728,0.00860536592081189
89,11,906.855297880247,5.04425320448354,0.0145014438545331
90,11,580.126436566934,4.54113226989284,0.0443215737119317
91,11,906.247940286994,1.90100801433437,0.0233535286970437
92,11,179.00568167679,1.31987854861654,0.0450258589349687
93,11,215.337409544736,1.53290505427867,0.0182570388540626
94,11,229.41628950648,5.24092159140855,-0.024159137904644
95,11,838.748542033136,2.79715104284696,0.0216215237509459
96,11,857.098533445969,4.92500297515653,-0.00100136436522007
97,11,1092.45530855842,5.54019422177225,0.040918228472583
98,11,724.552987283096,4.1671235896647,0.0434348948532715
99,11,388.690108573064,4.07558144209906,-0.0022768892114982
100,11,299.911774368957,1.33769952016883,-0.00599126652814448
1,12,900.917848711833,2.20746941189282,0.00959368525072932
2,12,827.762710303068,3.05389101407491,0.0206528423121199
3,12,317.047974700108,5.05587506014854,0.0475559839513153
4,12,844.238505372778,2.89570612972602,-0.00341677954420447
5,12,966.653708275408,3.23475115257315,-0.0201957321260124
6,12,629.40575638786,3.85253891255707,0.0326451858505607
7,12,698.638546885923,1.65606184653006,0.0401649717241526
8,12,1037.63233232312,1.06509184255265,0.0114050482865423
9,12,1050.72409836575,4.38834863738157,-0.0228100490989164
10,12,760.532301291823,5.17577805463225,-0.00669894006568938
11,12,172.286580922082,5.68131740577519,0.0456379977986217
12,12,926.331578660756,1.29225306934677,0.000930010504089296
13,12,579.54407799989,4.34012897103094,-0.0247373504098505
14,12,491.228783410043,2.92928270320408,-0.00896649586502463
15,12,399.122775672004,3.88064521970227,-0.0292284143855795
16,12,344.308249559253,1.69407088914886,0.000359206064604223
17,12,521.810131752864,2.27916926634498,0.034999282984063
18,12,1037.77017691173,2.56530442065559,-0.0477908214554191
19,12,364.485116582364,4.57558903400786,0.0332710450980812
20,12,668.568754009902,1.94339764444157,-0.0244736021151766
21,12,302.184567693621,1.7109064492397,0.0209426759276539
22,12,292.805626895279,3.87055808235891,0.0163352714618668
23,12,818.611745163798,1.24575136369094,0.0107645850162953
24,12,413.517895527184,3.17503825784661,0.0117226465372369
25,12,238.390127336606,3.41355080739595,0.00955555972177535
26,12,158.030697749928,3.32408450334333,0.0176872128387913
27,12,1031.09964113683,3.43100968538783,0.0480048932600766
28,12,668.338012089953,4.68792442488484,0.0337582136970013
29,12,217.770360549912,5.95493155904114,-0.0424004544271156
30,12,664.794481499121,5.20204179361463,0.00282077596057206
31,12,640.256182895973,1.55963161052205,-0.03380159472581
32,12,919.682518485934,5.30710938060656,-0.00683050791267306
33,12,802.97950389795,3.83925643889233,-0.0399576139869168
34,12,667.748373607174,4.41639459948055,-0.0394436671165749
35,12,821.309266285971,4.94802739378065,0.0331662432290614
36,12,852.44421348907,3.01262766611762,0.0454024964012206
37,12,481.422596750781,5.26638594712131,-0.00970202903263271
38,12,388.01028127782,1.94802766223438,-0.0131351152667776
39,12,631.683327164501,3.47860816540197,-0.00517201342154294
40,12,359.646071353927,1.6002217461355,-0.00662477519363165
41,12,931.79031778127,2.1433165310882,0.0462731812614948
42,12,505.363884754479,5.52748948242515,0.0241333303973079
43,12,172.631925577298,3.36887436592951,-0.0218714334303513
44,12,1053.75862461515,3.70238389610313,-0.000900458893738687
45,12,317.183782951906,5.86897659488022,0.0478452832903713
46,12,505.625266721472,5.86214510747232,0.00674661442171782
47,12,725.66831544973,4.42679734807462,-0.0420647567603737
48,12,728.404803806916,4.8997957657557,-0.0440698661375791
49,12,428.238664194942,1.10226608719677,0.0406220658449456
50,12,238.909491943195,4.64232870284468,0.0324191432213411
51,12,1014.65717041865,5.61349222925492,0.0126698198495433
52,12,699.115967284888,3.2022889892105,-0.0286103697028011
53,12,849.607095960528,4.52787390584126,-0.015121416002512
54,12,1018.95474516787,5.08362395479344,-0.0358630250673741
55,12,628.765395982191,3.43304656702094,-0.00686101855244488
56,12,471.978746028617,5.21499708783813,0.0273387012537569
57,12,165.808321116492,3.464369131485,0.0409710536710918
58,12,954.369923705235,1.08834609179758,0.0326756228227168
59,12,610.411301394925,3.20232628984377,0.0455791319021955
60,12,309.99805862084,3.38962331437506,-0.0123518213862553
61,12,475.843436690047,4.00620286958292,-0.0453372095245868
62,12,307.365499809384,3.21623361692764,-0.021043117926456
63,12,559.240817232057,2.53588721412234,0.0499688149429858
64,12,341.502250079066,4.36494608200155,-0.00512486298102886
65,12,218.690322386101,4.04557132069021,0.0495030475314707
66,12,172.469149716198,5.86839270568453,0.020745056681335
67,12,790.989849856123,1.87917356169783,-0.0200320261996239
68,12,386.957619246095,5.8661323741544,0.0408332019113004
69,12,249.412495549768,3.89658569381572,-0.00256669351365417
70,12,1072.43200917728,4.69062630226836,0.0315312964143232
71,12,510.514390328899,5.32908944552764,-0.0246509971795604
72,12,501.813854230568,4.23743051965721,0.0458096851129085
73,12,748.556348634884,4.47348058945499,-0.00370486492756754
74,12,1016.3057396654,5.97952719102614,-0.0369899310171604
75,12,316.662138933316,5.24686699989252,0.0270307361381128
76,12,647.998871887103,4.8291111914441,-0.0357938251458108
77,12,820.050457865,1.68832661607303,0.00411624861881137
78,12,497.246005246416,1.47594467061572,0.0157501368783414
79,12,194.001392601058,3.60924113448709,0.00761316374409944
80,12,734.896405041218,1.9623048605863,0.000499115861020982
81,12,102.478810260072,4.65732589038089,0.0430404127808288
82,12,310.523239802569,3.47293489403091,-0.0273392749484628
83,12,779.022809490561,1.71379576693289,-0.0486233202507719
84,12,966.189130349085,5.20608484535478,-0.0222032266436145
85,12,899.69711555168,5.70651979674585,-0.0188443440012634
86,12,234.996398352087,2.38983738492243,0.0400442734826356
87,12,487.498257681727,1.75189643888734,0.0057414514478296
88,12,888.471929030493,4.53336721309461,-0.0365038959076628
89,12,792.913666600361,3.82669297186658,-0.0283215990290046
90,12,694.27297138609,1.45251220464706,-0.0415421929908916
91,12,223.857651371509,3.80170203535818,0.0355647383257747
92,12,655.07810274139,4.07630031602457,-0.0441314553841949
93,12,549.411387788132,3.74209967814386,-0.0172022805782035
94,12,866.166528686881,2.96745474357158,1.96716748178005e-05
95,12,126.097721653059,3.08334075286984,-0.0166103937197477
96,12,295.171431871131,5.52455460792407,0.0377056362805888
97,12,981.234564818442,4.36810992099345,0.0382782482076436
98,12,209.801593469456,5.77395116002299,0.0401113061001524
99,12,1068.55092793703,1.75615923386067,0.0297942354111001
100,12,485.198592906818,3.79870819067582,0.0401482271496207
1,13,958.59140730463,1.49317875411361,-0.00597389789763838
2,13,987.384754605591,4.11724983388558,-0.0102607847424224
3,13,589.09149854444,2.28186379908584,-0.0128452346194535
4,13,818.091808957979,3.39633282297291,0.00288085732609034
5,13,586.705572577193,3.38571753143333,-0.0426214588107541
6,13,1088.70886093937,5.15245708194561,0.0216849768301472
7,13,164.751129597425,5.47788756340742,-0.0257187647512183
8,13,257.662777928635,3.88437860552222,0.0344499869039282
9,13,885.348618403077,5.71897545736283,0.0495318267960101
10,13,642.188289808109,2.45917652407661,-0.0394989419495687
11,13,516.547345230356,4.12659638235345,-0.00149229508824646
12,13,1098.88264900073,4.10091931722127,0.0183696539374068
13,13,355.673117004335,4.2430892623961,0.0319508050801232
14,13,607.875671144575,2.17455304134637,0.0265567588619888
15,13,178.971177572384,3.01876466511749,-0.00731997827533633
16,13,913.668364426121,1.85474910563789,0.0435971574625
17,13,482.17916013673,3.59581514401361,0.0229010896757245
18,13,902.182707935572,3.92180690099485,-0.0162684073438868
19,13,297.923636762425,1.40039090206847,-0.00210252138786018
20,13,1046.39977021143,4.64451262634248,0.0465502362698317
21,13,445.672474242747,4.07033264660276,0.0413703940110281
22,13,622.050247294828,4.35447880090214,-0.0271920852828771
23,13,211.688006436452,2.48066779715009,-0.0192740495549515
24,13,985.974851204082,2.80284250876866,-0.0153314794646576
25,13,1054.25497321412,4.15533144283108,-0.0456280099460855
26,13,140.380763122812,5.80052968370728,0.0463630710728467
27,13,593.6161886435,2.82339185033925,0.0315553714986891
28,13,326.063704816625,1.9899495949503,0.0174722818424925
29,13,958.800339279696,2.27054381766357,-0.00939563042484224
30,13,630.93573381193,3.42651339736767,-0.0233854618156329
31,13,104.63815080002,3.06640824442729,0.0428322059800848
32,13,377.560080168769,2.64122665068135,-0.013342641829513
33,13,425.203143060207,2.78422485245392,0.00494921111967415
34,13,688.706276612356,4.4192962711677,0.00210470547899604
35,13,349.684700742364,5.31574632530101,0.0426990913227201
36,13,143.117280816659,3.3448436812032,0.000173511821776629
37,13,210.678787576035,3.91428548865952,0.0136915816692635
38,13,803.753812005743,3.49279984040186,-0.0265049116918817
39,13,1039.02123882435,4.3365392871201,-0.0136464908951893
40,13,411.169018037617,4.43936631223187,0.0393502014921978
41,13,178.492930158973,1.53664962528273,0.0265957561787218
42,13,421.744091343135,1.56104634306394,0.0295443064998835
43,13,724.905536882579,5.66390087967739,-0.0176968515384942
44,13,540.241849515587,3.10937937605195,-0.0407489155652002
45,13,901.345300627872,3.81655742670409,0.0453982479870319
46,13,379.283805051818,5.7812109393999,-0.00499795777723193
47,13,670.713193388656,1.97960536368191,0.00582698192447424
48,13,142.128012049943,2.11873222631402,-0.0329043010016903
49,13,290.717455465347,4.10678488225676,-0.0478814462665468
50,13,827.086470695212,5.1728331882041,-0.0288086580112576
51,13,926.690050307661,5.03984187403694,-0.0181597303366289
52,13,610.721075348556,1.75536726391874,0.00825884453952313
53,13,667.726165754721,1.41614332585596,-0.044869942124933
54,13,101.155819743872,4.89465311076492,-0.0250143823679537
55,13,243.778103170916,5.77248126408085,-0.0485310200368986
56,13,965.967083023861,4.09200715390034,-0.0281529959058389
57,13,182.561060553417,3.18608151422814,0.00236070395912975
58,13,344.570682058111,4.32210739608854,-0.0170134658459574
59,13,1081.54315748252,5.34446206083521,0.0241462452802807
60,13,677.58127944544,3.51310726744123,0.0455556955887005
61,13,348.72636445798,3.6440151350107,-0.0276798936771229
62,13,714.953953772783,4.85371769079939,0.0476883246563375
63,13,131.757320743054,2.848924967926,-0.0408050000900403
64,13,246.423544269055,5.70251348917373,0.0236645948374644
65,13,803.072973992676,1.16629386343993,-0.0226423159940168
66,13,165.560708520934,2.69138747965917,-0.0223539610859007
67,13,721.807062299922,1.67814274225384,-0.0439492251491174
68,13,1037.32736539096,2.68562384438701,-0.0271955429576337
69,13,187.89461478591,3.41756150964648,0.02589726888109
70,13,1072.80350932851,4.78578378586099,-0.0155402575153857
71,13,126.010710513219,4.9806149690412,0.0217186267022043
72,13,825.227952003479,3.08229310344905,-0.029687448288314
73,13,553.706391621381,1.14969911659136,-0.0444676470011473
74,13,666.182404989377,5.69176002661698,0.0226872715167701
75,13,972.73104628548,5.5775131857954,-0.0233708816580474
76,13,654.56317961216,4.06056775618345,-0.016972861206159
77,13,837.652207259089,5.59546040277928,0.0352500033099204
78,13,723.12916200608,4.13129511545412,-0.0494415891123936
79,13,411.028405791149,1.63226828235202,-0.00667316587641835
80,13,492.196484608576,1.7132081896998,-0.0381620101165026
81,13,302.087455429137,4.40821930207312,0.000379622890613973
82,13,952.780389599502,5.61512408568524,0.0475854078540578
83,13,706.830150820315,1.75326214544475,0.0161748644895852
84,13,856.09801383689,5.42423422588035,0.038414601655677
85,13,662.516808742657,3.25091310567223,0.0234616035828367
86,13,375.899012805894,1.23334996309131,0.000527577567845583
87,13,835.558403655887,5.11734022316523,0.0386138121597469
88,13,649.279793864116,5.83142834505998,-0.000459089200012386
89,13,446.127043943852,5.03697894653305,0.0280110173858702
90,13,614.965634793043,2.48126363172196,0.000676520634442568
91,13,915.767947584391,1.98946035490371,-0.0415831503458321
92,13,626.272569317371,2.00836462923326,0.00477058144751936
93,13,303.040049877018,2.74756343243644,-0.0141483488958329
94,13,948.107680445537,2.12042431719601,0.00382218272425234
95,13,470.494215050712,1.82245855010115,0.0118787737796083
96,13,403.325170883909,1.46364975511096,-0.0252826223848388
97,13,870.597046939656,4.16449946491048,-0.00434304317459464
98,13,833.448554994538,4.92394171678461,-0.0397863041609526
99,13,938.905998272821,1.29744649073109,-0.0485340303974226
100,13,669.048842415214,1.42149827349931,-0.0403639980359003
1,14,126.28083829768,1.02138861920685,-0.0275808844715357
2,14,586.127228243276,1.71110357414,-0.0355535263661295
3,14,642.681032791734,5.64596851845272,0.0344840082339942
4,14,936.660116910934,1.80942411557771,-0.0084608132718131
5,14,828.664538124576,5.94250574964099,0.00627901833504438
6,14,655.113806854934,4.52111629792489,0.00857059482950717
7,14,173.41439742595,2.6227127739694,-0.0429565204540268
8,14,236.502299224958,2.64042616728693,0.0270522991428152
9,14,784.608696261421,4.88351037865505,0.00854773600585759
10,14,199.621936213225,3.49301564064808,0.0272491248790175
11,14,303.785905148834,3.4850342492573,-0.00630503294523805
12,14,465.980138303712,2.33187420084141,0.0131637759041041
13,14,946.195757621899,5.6490071748849,0.0249161637155339
14,14,336.872595502064,4.38772891554981,0.0194780117133632
15,14,804.877850599587,4.55129916104488,0.048242207383737
16,14,207.608830789104,2.40897037344985,-0.021949516586028
17,14,879.068868607283,3.90345971472561,-0.0435227693989873
18,14,355.10568334721,5.77128402213566,-0.00750778738874942
19,14,648.043326009065,1.17999274190515,-0.0193242891691625
20,14,133.901520771906,3.55117971100844,-0.00707830365281552
21,14,906.109476136044,5.30292977718636,-0.00551812634803355
22,14,437.752807186916,2.38746183481999,0.0149512031581253
23,14,1016.28585802391,2.81424539885484,-0.0483668644214049
24,14,457.106417883188,5.58258751546964,-0.0266985328868032
25,14,1075.36501311697,1.40117687196471,-0.0012452953029424
26,14,484.378522634506,3.56362318643369,0.0388844469562173
27,14,588.673535175622,3.10018923040479,-0.0223465983057395
28,14,590.776231279597,1.79024733277038,-0.0200185412541032
29,14,112.254624161869,3.24778995499946,0.0487311096861959
30,14,741.473200637847,1.84810368251055,-0.00359454855788499
31,14,612.574971653521,5.27623604307882,-0.0498238442232832
32,14,420.352118229493,4.44066585530527,-0.043998086033389
33,14,681.43315766938,1.60762618202716,0.0431653710780665
34,14,717.344408296049,1.59558005654253,-0.00272778146900237
35,14,538.274537678808,2.44271938828751,0.0343278688844293
36,14,270.368980616331,5.70117798540741,0.0331824474269524
37,14,815.08049662225,5.65820184792392,0.0268858154537156
38,14,847.786548687145,1.91464254423045,0.0103522495366633
39,14,943.914708122611,5.56436870503239,0.00583597891964018
40,14,634.759046975523,1.33228915766813,0.00254378244280815
41,14,402.235261537135,5.38814384862781,-0.0261396000394598
42,14,556.518182065338,1.29405262204818,0.0116266787517816
43,14,484.342534467578,5.7584793670103,0.0365556950680912
44,14,349.046854674816,1.80034703947604,0.0264363324735314
45,14,754.626744799316,3.90417678304948,-0.031212308187969
46,14,1055.32370172441,4.55708345072344,-0.0127632847288623
47,14,391.082957293838,2.40161259099841,0.0256397710181773
48,14,750.189086562023,1.13315839110874,-0.0412275608396158
49,14,636.359930876642,4.55311226216145,0.0156393158715218
50,14,697.451866604388,2.56373409437947,0.0215592471882701
51,14,124.898269446567,5.27568528102711,0.0359089631820098
52,14,104.841739544645,3.35909653361887,-0.0290175787871704
53,14,231.378254387528,5.96051414287649,-0.0224594880826771
54,14,124.817103752866,1.38931973045692,0.03353561302647
55,14,192.12945192121,1.12354068807326,-0.0219375608256087
56,14,575.558224134147,3.87584253121167,0.0347966738510877
57,14,296.656761225313,4.03831991041079,0.0118703156011179
58,14,914.673948567361,1.02182604628615,-0.0250379099976271
59,14,344.059228105471,4.71849996969104,0.0120077817002311
60,14,588.807637942955,1.23388360161334,-0.0444921248592436
61,14,748.882479639724,3.39114552619867,0.0415278902510181
62,14,258.716470003128,5.69277522875927,0.03856740007177
63,14,936.977910948917,1.29818845214322,0.0186303480761126
64,14,536.596529791132,5.76820450858213,0.0453943252330646
65,14,333.495525084436,4.85402552201413,0.00575814156327397
66,14,398.855992034078,5.25774700124748,0.0283226245082915
67,14,259.421336837113,2.08982300618663,0.0300279453862458
68,14,685.567104164511,5.97236373834312,-0.023489787732251
69,14,248.77797709778,4.46761530148797,-0.0206644310150296
70,14,279.059559712186,2.4356656302698,-0.0274202742846683
71,14,439.221504982561,5.08971216646023,0.036279692593962
72,14,283.90193884261,5.79712229571305,0.022374742035754
73,14,505.541522195563,5.50210751383565,-0.0346737688174471
74,14,713.559618359432,1.63419684651308,0.0353007700759917
75,14,785.671334387735,1.29816383030266,0.0132373936241493
76,14,923.525600135326,5.09206464537419,0.00554529237560928
77,14,473.982113786042,5.30158187751658,-0.0456074637593702
78,14,1052.84100458957,1.22599815274589,-0.0220493294997141
79,14,118.832158995792,2.12265255884267,0.00973327576648444
80,14,712.37497231923,4.52408967446536,0.0456735217943788
81,14,563.573763845488,1.49347831052728,-0.0441555133787915
82,14,454.729620506987,1.07945537450723,-0.00425313434097916
83,14,982.423028815538,5.5281542208977,-0.00915309605188668
84,14,175.802858453244,1.24516734760255,0.000928731518797576
85,14,983.29119165428,5.37078102491796,-0.0460579900303856
86,14,288.221835764125,1.60285144951195,0.0363005321240053
87,14,315.066746808589,3.02082062023692,-0.0238790106959641
88,14,969.532291544601,2.14961491548456,-0.00392990119289607
89,14,160.838056262583,4.88117704656906,-0.0281174782197922
90,14,334.899600734934,3.88162583019584,0.0435884066857398
91,14,1093.01551282406,1.97402377752587,0.0210475594270974
92,14,778.197727771476,3.12378680240363,-0.0100630243308842
93,14,535.486800502986,3.19987698015757,-0.0219757793005556
94,14,477.30994191952,5.54423227347434,0.0203450751723722
95,14,561.18402434513,3.31332251103595,-0.0278933139052242
96,14,901.851871656254,5.65798922115937,-0.0206369740888476
97,14,762.966975243762,2.9472744630184,0.0389054586878046
98,14,566.00366407074,5.02631723554805,-6.91788271069527e-05
99,14,153.259436506778,4.84277859935537,0.0452458193525672
100,14,337.19791835174,2.70453644939698,0.0275762673234567
1,15,333.239737572148,5.68946719309315,0.0362908529350534
2,15,330.653600767255,3.51915639964864,0.00750219619367272
3,15,161.726273968816,2.62138654035516,-0.0432051080977544
4,15,597.118609258905,3.2132272226736,0.00179219865240157
5,15,344.12508867681,3.4348673876375,0.0399137624539435
6,15,858.185538928956,5.20801320346072,-0.0469229189679027
7,15,647.302677528933,5.74579705740325,-0.0390377385308966
8,15,1048.06689629331,3.35184906166978,0.013149290648289
9,15,186.172192357481,2.85530991875567,-0.0028679559007287
10,15,1047.88258499466,2.12954257638194,0.0490213240962476
11,15,822.398868063465,1.0230331311468,0.0268665235256776
12,15,1022.00460471213,4.54718678863719,0.027406455646269
13,15,713.840943668038,4.48184171365574,-0.00846824434120208
14,15,260.966501338407,1.07347475737333,0.049708940484561
15,15,282.94069217518,1.93841345980763,-0.00597726448904723
16,15,830.183562031016,3.68427016795613,0.0467380146495998
17,15,689.525650488213,1.79504589783028,0.00498895961791277
18,15,412.482362613082,2.23004993889481,0.0252468565944582
19,15,872.794398944825,5.61157496203668,0.0165622753323987
20,15,436.298202164471,2.81552303838544,0.0330085970461369
21,15,955.676691047847,5.96408689417876,0.0159592296695337
22,15,680.528493504971,4.62862321431749,-0.0494181805290282
23,15,515.722651407123,1.74610234121792,-0.0457858779700473
24,15,1032.57278529927,3.95951012405567,0.0425527961691841
25,15,562.6988414675,5.24367744475603,-0.00697148465551436
26,15,199.346329923719,4.66997228586115,0.0134705865522847
27,15,565.449363226071,3.3124792939052,0.011288201296702
28,15,1084.08385762013,3.55543443956412,0.0453274338040501
29,15,1025.2728659194,3.78191977413371,0.0222652685595676
30,15,535.39876351133,2.00397824309766,-0.0288411476416513
31,15,969.720715796575,5.44595470791683,-0.0124514878494665
32,15,400.354171777144,1.77191996970214,0.016331365169026
33,15,897.972631175071,3.92299780528992,-0.0258863568305969
34,15,900.510711967945,3.40468487492763,0.00769932963885367
35,15,486.925696162507,1.98641607328318,-0.0414279433898628
36,15,481.58969511278,5.89212235668674,0.0438668712973595
37,15,745.515614189208,2.5951573185157,-0.0266940212808549
38,15,961.667454242706,1.2239434805233,-0.0214563248446211
39,15,756.632670899853,4.76843045349233,-0.00483623638283461
40,15,616.326073557138,3.83429474453442,-0.00361059322021902
41,15,248.781583411619,1.04873496014625,-0.02373529789038
42,15,712.765902886167,2.50377035373822,-0.0297319691162556
43,15,141.966818971559,5.31647603982128,0.0223978891037405
44,15,598.35899262689,2.16074183839373,-0.00773040833882987
45,15,839.508221624419,1.29269902035594,0.0143377411644906
46,15,853.899779403582,4.55524955783039,0.0129163571400568
47,15,163.093741191551,3.543742650887,-0.0446163225686178
48,15,542.481933394447,3.02473519719206,-0.00214292670134455
49,15,600.671699177474,3.12256959057413,0.0124504092382267
50,15,370.243100356311,5.56982892239466,-0.0172292814590037
51,15,698.802149062976,5.51003245776519,0.0205989007139578
52,15,835.83762627095,2.09032641164958,0.0399684675270692
53,15,813.577811839059,3.87447273498401,-0.0103079824475572
54,15,216.492936853319,1.20326568163,-0.0107217786135152
55,15,675.12061833404,3.70298755727708,-0.00105690381024033
56,15,898.131987219676,1.56414231192321,-0.0446994201978669
57,15,331.823796639219,4.78726933849975,-0.016721588652581
58,15,824.855825537816,1.55572089739144,-0.0308587205363438
59,15,938.023197837174,2.02057200507261,-0.011538671888411
60,15,218.838570779189,4.83851906633936,-0.00628169944975525
61,15,1058.95039662719,3.11172332637943,-0.0343042251653969
62,15,847.764584375545,3.7347699040547,-0.0428087776526809
63,15,910.889478772879,5.40259418683127,0.0164657331071794
64,15,289.917723415419,4.63814725773409,-0.00812896408606321
65,15,125.968777481467,4.76423094421625,-0.0389677836792544
66,15,963.782292231917,4.0036947503686,-0.00371396450791508
67,15,1019.17986539192,1.50533369649202,-0.0222560408292338
68,15,237.627987889573,5.13111353060231,-0.040733790374361
69,15,577.648621890694,4.69124478194863,-0.0319546470884234
70,15,562.961500277743,5.41487826989032,0.00241629399824888
71,15,800.178611092269,1.42082504136488,-0.0308100458467379
72,15,165.574901178479,5.14736251696013,0.00153896443080157
73,15,833.039993327111,2.37408144306391,-0.0143770523369312
74,15,495.931590348482,2.67107929941267,0.0326369365677238
75,15,561.487844819203,5.43518522195518,-0.0186251382343471
76,15,825.299363257363,1.95663036918268,0.00213948225136846
77,15,570.002647023648,1.06095668883063,-0.0258024446666241
78,15,1099.52397751622,4.52672110660933,-0.0174725568620488
79,15,945.935791730881,1.18809359404258,-0.0100033531198278
80,15,928.207303769886,5.11262762267143,0.0150242435047403
81,15,861.644344311208,5.51717269606888,-0.0443505199626088
82,15,212.106491811574,1.8322880603373,0.0205394803313538
83,15,938.977019302547,2.03797733550891,0.00442070397548378
84,15,913.850524136797,4.97940087132156,-0.0160823453217745
85,15,1091.4121942129,5.46598149137571,0.0236256295349449
86,15,148.314524814487,2.21841475716792,-0.0233469397062436
87,15,846.787912445143,3.1659661422018,-0.0400271251099184
88,15,519.313521590084,2.99076653225347,-0.0126554604852572
89,15,682.14389719069,4.32796387490816,-0.0421186929568648
90,15,930.73406224139,2.52598448563367,-0.0273859527660534
91,15,113.530627358705,4.95985457464121,0.0487192422151566
92,15,111.521763168275,2.70613396563567,-0.0381625962210819
93,15,1096.44570727833,2.28727435832843,0.00946438552346081
94,15,865.68966708146,1.01980761648156,0.0192282027332112
95,15,414.662610646337,2.90169432433322,0.00212109070271254
96,15,912.011744361371,3.99713284359314,-0.00993123517837376
97,15,1091.21921742335,2.69517694041133,-0.0078675975324586
98,15,300.759592931718,1.87892120471224,0.0029184014769271
99,15,746.037220256403,5.98784677241929,0.0188869248377159
100,15,537.550728907809,2.32699804380536,0.0483767189551145
1,16,1038.02826153114,3.75096123921685,0.00148536032065749
2,16,1088.00330539234,1.67622333182953,-0.000754587352275848
3,16,556.319560995325,4.40911108069122,-0.0207436766009778
4,16,330.614943196997,3.25175532745197,-0.0340055705979466
5,16,795.489268517122,2.83322282973677,-0.016730227926746
6,16,656.632344610989,2.93065670202486,-0.0206697787158191
7,16,684.710089489818,3.02235597185791,-0.0134759099921212
8,16,533.631246909499,5.13782360497862,-0.00242178158368915
9,16,526.175052765757,5.58007395616733,-0.0125390519620851
10,16,696.854395465925,4.80601463606581,-0.00732707229908556
11,16,552.085584867746,2.83674340951256,-0.0273883911082521
12,16,1056.60865865648,4.45694047049619,-0.0444330124650151
13,16,944.430350000039,3.54016339895315,0.0358611404895782
14,16,322.768602659926,1.09712968720123,0.00612371556926519
15,16,520.170177007094,4.23449569987133,0.00373747816774994
16,16,519.98293553479,4.11503832228482,0.0116932381177321
17,16,120.790848881006,2.66485554655083,-0.0280258581740782
18,16,480.447969539091,1.13143418240361,0.00195910145994276
19,16,522.348427586257,5.87473679590039,0.0222823119955137
20,16,291.426063422114,5.95637428481132,-0.0471781425410882
21,16,805.329281743616,1.38289904361591,0.0136916379909962
22,16,113.52047524415,3.6897243631538,0.0240223001921549
23,16,831.203105766326,5.88926371559501,-0.00547136587556452
24,16,532.724097976461,1.54837359697558,0.0297384568257257
25,16,831.240093009546,2.8128608900588,0.0155746450880542
26,16,113.941552489996,3.4990967893973,0.0108517985092476
27,16,145.313308481127,5.56314200768247,-0.0317632359685376
28,16,518.414376443252,3.86030417308211,0.0242649279534817
29,16,743.840002128854,1.1139728736598,-0.00788061465136707
30,16,319.793785596266,5.27614812972024,-0.0392509085824713
31,16,933.442652830854,5.15242120856419,-0.0341140124481171
32,16,794.767313543707,5.39075531554408,0.0286110908025876
33,16,999.124485207722,5.04801094671711,-0.0381755942245945
34,16,514.240285288543,1.00032668351196,-0.00336242311168462
35,16,511.004703259096,1.50912866485305,-0.0129828307311982
36,16,350.014989404008,5.17412938433699,-0.000659948587417603
37,16,473.767039040104,2.10573698068038,0.00667181129101664
38,16,331.892732670531,1.15208188327961,0.0453958816127852
39,16,1031.60316464491,3.88363010855392,-0.0319380184868351
40,16,576.34475515224,4.78439880209044,-0.0113531419076025
41,16,147.665002988651,5.36827029683627,-0.00694830198772252
42,16,873.531056009233,1.30182956950739,0.0349556872621179
43,16,431.117329420522,2.10919179394841,-0.0466408369597048
44,16,652.876470610499,3.07012586062774,-0.047764094080776
45,16,776.330528920516,3.05664814915508,-0.01724676087033
46,16,377.334370883182,3.89695164887235,-0.015768937789835
47,16,152.85567836836,5.70974475727417,0.0379133729729801
48,16,525.75858370401,5.93799298652448,0.00646638609468937
49,16,710.118482029065,1.6489892443642,-0.0375219406560063
50,16,1076.04603506625,2.37437490746379,-0.0438299311790615
51,16,1069.80012021959,5.14191410876811,-0.0383552006911486
52,16,188.48455734551,5.95629359502345,0.0335871507413685
53,16,598.380037257448,4.36600279086269,-0.00870104741770774
54,16,495.689367782325,1.38694532238878,0.0468430875567719
55,16,490.331929083914,1.67201702739112,0.0203561218688264
56,16,418.499490851536,2.69048389303498,-0.0231176312314346
57,16,782.575054233894,2.26054490101524,0.0391791006550193
58,16,384.614907577634,2.2541181803681,0.0148680828511715
59,16,490.09471423924,4.91633958788589,0.049601975409314
60,16,1090.1685602963,1.86893165134825,-0.038503725384362
61,16,892.005731491372,3.99151957849972,0.0288403269369155
62,16,412.405151547864,4.45791522180662,0.0479240983026102
63,16,917.117730388418,5.61467799614184,0.0249034172156826
64,16,320.90977220796,4.44987491960637,0.0275964264757931
65,16,601.073820283636,2.36829488445073,0.0478716002777219
66,16,266.972296312451,1.05472579738125,-0.0173008889891207
67,16,219.659194489941,1.21609798772261,-0.011826389003545
68,16,997.60996773839,1.83948900224641,-0.0321808343520388
69,16,193.714878661558,5.26320413243957,-0.00844727801159024
70,16,965.058556664735,1.22956673055887,-0.00771788200363517
71,16,376.591463712975,2.35693818214349,0.00999702676199377
72,16,127.283692732453,5.44471475319006,-0.00882080087903887
73,16,887.384963361546,3.73946647299454,-0.0422208977397531
74,16,458.660299796611,5.02408794267103,0.0155373597284779
75,16,125.102965766564,5.78598309331574,-0.0466779489768669
76,16,846.09359796159,4.44872040208429,-0.0345635948004201
77,16,129.625577153638,3.00566787272692,0.0464602439198643
78,16,533.864830993116,5.85520422109403,0.000855663581751287
79,16,356.626832997426,5.69687929027714,-0.0217352904845029
80,16,598.015220975503,3.59141122922301,-0.0497297635767609
81,16,753.35523057729,1.68145088269375,-0.017648098198697
82,16,183.656885661185,4.133679976454,0.0384598686825484
83,16,280.472461739555,5.1132499219384,-0.033963424176909
84,16,204.462501592934,1.68132677697577,-0.0116677278652787
85,16,912.392983818427,3.98734094481915,0.00572784265968949
86,16,727.502441639081,5.91482033976354,-0.000547623541206121
87,16,730.572485970333,2.15315324161202,0.0222786858910695
88,16,490.889850212261,3.08685193909332,0.031294392212294
89,16,532.25357378833,1.50135499681346,-0.00904144523665309
90,16,448.634002264589,2.39255701797083,-0.0275148667627946
91,16,893.557758675888,3.65273245749995,0.000586611335165799
92,16,986.936112074181,2.57059729099274,-0.0198306066682562
93,16,751.127086719498,4.00351036363281,0.0329297520918772
94,16,692.863264260814,5.9354900920298,-0.0235363878775388
95,16,427.822093851864,4.04640742950141,-0.000429575820453465
96,16,175.689367949963,1.72868661372922,-0.0403315644012764
97,16,691.387242078781,4.52158230147325,-0.0212718296097592
98,16,278.336763521656,4.39590152027085,0.0344698122236878
99,16,841.350124124438,2.61291932687163,-0.00241651269607246
100,16,393.876208132133,3.11657820502296,-0.00465165392961353
1,17,739.185810694471,2.52232092455961,-0.0300197347998619
2,17,224.822397250682,5.16409390978515,-0.0240365362260491
3,17,355.265783751383,3.96823754208162,0.00405772421509027
4,17,920.57468732819,5.03598320670426,0.0225385202327743
5,17,903.780392976478,2.47025388898328,-0.0315387436654419
6,17,145.834630727768,1.7054261083249,-0.0314603375503793
7,17,975.53172186017,5.4431055127643,0.0418329942738637
8,17,228.009089967236,1.04142502089962,-0.0366316728992388
9,17,708.831403544173,3.84560326486826,-0.0493550106417388
10,17,569.566873274744,5.83775094966404,-0.0227436668472365
11,17,657.29108559899,2.34594381670468,0.0155898208962753
12,17,830.392784578726,5.9198003532365,0.000793307344429195
13,17,569.858688767999,1.17694743815809,-0.0187234715558589
14,17,1088.6100590229,2.28988215234131,-0.0307701319921762
15,17,1084.66838453896,2.29945560707711,0.0476547042373568
16,17,493.284681020305,5.74094243836589,0.0243964946828783
17,17,708.847137540579,5.89811369334348,-0.00926873898133636
18,17,445.483730081469,4.67192431818694,-0.0395124818896875
19,17,537.112562125549,2.4373987831641,0.0185039252741262
20,17,329.13196333684,3.04479559208266,0.0102553731296211
21,17,106.072248099372,2.00788824027404,0.0150582646252587
22,17,123.876888211817,4.83293179562315,0.0253985139075667
23,17,158.758428320289,4.71552469907328,0.0097806059056893
24,17,864.575645094737,3.4923069041688,-0.0410449369810522
25,17,569.04400549829,4.35249797790311,0.0197812673868611
26,17,950.831880234182,4.76231396803632,-0.0479662575991824
27,17,681.719390582293,4.86931459419429,0.0477109866449609
28,17,286.888262396678,4.025846502278,0.0451596532249823
29,17,709.060978516936,2.95257871760987,0.0323168792994693
30,17,993.341733142734,4.35528786526993,-0.0250679393764585
31,17,894.321165885776,5.34603905770928,0.00778609004337341
32,17,604.092833958566,3.18201436568052,-0.0156309597194195
33,17,523.028273740783,1.60238172183745,0.0463294437155128
34,17,754.381287749857,4.0947667977307,0.0351919726002961
35,17,987.738514458761,3.40254375501536,0.022011990356259
36,17,992.016471130773,5.61946544819511,0.0291023489320651
37,17,278.390537854284,2.20336342602968,0.0242261621635407
38,17,357.502424763516,4.88240787782706,-0.017455525463447
39,17,213.438504748046,4.75993944122456,0.0393439665902406
40,17,897.158958623186,4.38241212419234,-0.0444418082712218
41,17,209.53848878853,3.75859731948003,0.00639952933415771
42,17,929.071694752201,3.9893026559148,-0.0181550544453785
43,17,871.046296926215,5.33218790800311,0.0265924473758787
44,17,1043.68940452114,3.4767035630066,0.0122631266945973
45,17,566.957593569532,5.90114482003264,-0.0108142201788723
46,17,1039.85564750619,1.34687343635596,0.036451725428924
47,17,885.18294240348,3.77964481967501,0.00496733298059553
48,17,974.607875011861,1.94686762662604,0.0353306806413457
49,17,494.462653435767,2.48228740785271,0.00158109776675701
50,17,199.69916078262,5.20502060907893,0.0149302568286657
51,17,376.96142042987,2.02553550619632,-0.023882691306062
52,17,822.222051117569,3.91359544848092,-0.0211219608550891
53,17,456.305179418996,2.98131099110469,0.0479057106655091
54,17,482.711883401498,2.52785638114437,0.0492529113311321
55,17,131.96865087375,3.36127644660883,-0.0211884195217863
56,17,621.445286925882,4.71624548919499,0.0104880017461255
57,17,221.077910298482,5.88401803304441,-0.0138997117988765
58,17,985.184176499024,1.78131925663911,0.0488459063693881
59,17,174.646299006417,1.64712905674241,0.040731776598841
60,17,884.227946773171,3.90279651409946,0.00185577895026654
61,17,954.132302571088,1.68574587465264,-0.000822649756446481
62,17,137.178170634434,2.00998222245835,-0.011089850938879
63,17,375.143509497866,2.70824532280676,0.0378622111165896
64,17,742.069949069992,2.32950473343953,0.0422479496337473
65,17,885.078359534964,4.60792990773916,-0.0228193033719435
66,17,500.062711909413,4.47745742183179,0.0347421169048175
67,17,1035.30232971534,4.97104363539256,-0.00051229374948889
68,17,490.516970772296,2.37234999332577,0.0126536106457934
69,17,523.959307139739,1.90978180989623,-0.0099068544106558
70,17,386.421701079234,3.31301833526231,-0.0422247773036361
71,17,711.748408526182,3.75272538419813,-0.0333755751140416
72,17,658.812738629058,4.11358857084997,-0.0462332340190187
73,17,139.967135060579,3.41446711937897,-0.0119173932587728
74,17,845.281946845353,1.64915487077087,0.0213438048958778
75,17,306.487420713529,5.41998403519392,-0.0243852116167545
76,17,756.495965085924,5.95658963918686,-0.00947723400313407
77,17,622.414671257138,5.30982718011364,0.0304401136934757
78,17,733.436584845185,5.26125358906575,0.0294928849907592
79,17,717.563133826479,2.88706803601235,-0.0114468060899526
80,17,384.895547432825,4.08538249926642,0.024646023591049
81,17,323.807222442701,3.59171196259558,-0.0032987241866067
82,17,639.019355317578,1.18464604974724,-0.0274553262162954
83,17,1096.37197726406,4.71516217244789,-0.0296120767714456
84,17,428.916536876932,5.21214252128266,-0.0447430206928402
85,17,423.336088331416,1.24557658587582,0.00851939108688384
86,17,135.323517862707,5.46644603856839,0.0467491561779752
87,17,625.611852528527,2.8908872641623,-0.0446512103546411
88,17,696.806915011257,4.47782150725834,0.0218024169793352
89,17,842.086659185588,4.58655681251548,-0.0498410471016541
90,17,1052.83712958917,4.41262473375537,0.0489689350361004
91,17,589.621237851679,2.50203178054653,0.0469953203573823
92,17,183.287345478311,2.51311591384001,0.0199627527967095
93,17,359.927998995408,3.38055199151859,0.027555345161818
94,17,974.846625607461,1.24241241975687,-0.00523940857965499
95,17,952.059136377648,3.45809910004027,0.0237197290640324
96,17,942.904664576054,3.94312361860648,0.0177685087313876
97,17,1046.90367463045,2.17319664219394,-0.0487340749241412
98,17,752.681634761393,5.8231912474148,0.00363624431192875
99,17,588.155565224588,1.79997330205515,0.0250837987987325
100,17,287.756700674072,3.87618991918862,-0.0479654877679423
1,18,813.03306077607,3.10396106122062,0.0198403479531407
2,18,185.069970693439,1.6121485424228,0.0351750113070011
3,18,561.199405603111,2.82142603676766,-0.00309487727936357
4,18,1035.90730661526,5.99363079783507,-0.0239952369825915
5,18,945.293667865917,4.98943146574311,0.029532520682551
6,18,816.186716919765,2.74925755825825,-0.00748388997744769
7,18,223.806348303333,5.68488527345471,0.036876432551071
8,18,694.827461289242,4.56598689570092,0.0128848257707432
9,18,1089.85280143097,3.4762188422028,-0.00486152768135071
10,18,715.4084878508,5.06122680869885,0.00200241436250508
11,18,373.077666992322,4.27466272399761,0.0474132789066061
12,18,163.706843182445,2.80372940492816,0.0183520014164969
13,18,172.303275577724,3.35965776024386,0.0338512474671006
14,18,973.511214042082,3.99178852816112,-0.0105211204616353
15,18,462.82499670051,4.63099915557541,0.0389596561202779
16,18,1045.62214915641,2.77999865496531,-0.0474459084914997
17,18,658.318939991295,3.9323922493495,-0.0123663826612756
18,18,612.661150889471,3.58301793946885,0.018430032231845
19,18,1047.7716635447,3.9675734473858,-0.00521609385032207
20,18,209.801595564932,5.4413479231298,-0.0286420190241188
21,18,918.907550536096,5.33563777944073,-0.0321888356236741
22,18,477.342106774449,5.15600684820674,0.0180518348235637
23,18,656.641047820449,1.80859055626206,0.0158131538890302
24,18,413.871186692268,2.65698872646317,-0.00789344867225736
25,18,182.342880312353,5.63086227537133,0.0104114447254688
26,18,879.937542276457,5.62519560591318,-0.00993448081426323
27,18,293.234728416428,4.18248769035563,0.0036366353975609
28,18,755.585467582569,4.96454919711687,0.0347142406273633
29,18,535.147053329274,3.85873178974725,-0.0251965357689187
30,18,297.148326551542,1.19687843159772,0.0181773607153445
31,18,1094.66042220592,2.43828621949069,-0.00917191486805677
32,18,546.742866421118,3.40420794230886,0.00402718654368073
33,18,131.426664208993,3.1745687618386,0.0476433981908485
34,18,1037.01655813493,5.66234943596646,0.00955513815861195
35,18,970.983954286203,4.22840292821638,-0.0323596750851721
36,18,701.246283389628,1.00414481852204,0.0383666211273521
37,18,399.015456344932,1.09761205408722,-0.0157661854987964
38,18,909.346275171265,2.48487284663133,0.0346360902534798
39,18,1052.14238506742,2.36873098905198,-0.0419756052549928
40,18,952.053971262649,5.14735669619404,-0.0437484478810802
41,18,227.309735864401,4.60529711470008,-0.0392647079890594
42,18,1068.88234978542,4.40277944225818,0.0354076990159228
43,18,657.101008715108,2.92097446299158,-0.0112853947561234
44,18,105.364447366446,1.92636733548716,0.0377374769421294
45,18,235.763919679448,2.05851302738301,-0.015220755408518
46,18,105.84710156545,4.51846077363007,-0.0126970118377358
47,18,916.874062176794,2.31243887357414,-0.0231350169284269
48,18,882.163587864488,2.13174319732934,-0.0024967165896669
49,18,1031.06628581882,3.96593147679232,-0.028048856719397
50,18,468.689882336184,1.7368535362184,0.0307745166355744
51,18,1074.45487417281,1.2552104939241,-0.00779402491170913
52,18,923.743681889027,1.06942514679395,0.0239273013081402
53,18,887.448863266036,5.04092750162818,0.0371607029112056
54,18,722.82583466731,5.01282264967449,0.0383589488221332
55,18,1067.35492884181,1.07521911873482,-0.0139753950992599
56,18,599.91849064827,3.97647359315306,0.0074206207646057
57,18,993.695599632338,2.53681394876912,-0.0400289667071775
58,18,501.043246965855,4.03055434953421,-0.0365272210678086
59,18,547.541609639302,2.07793761184439,-0.0357476834906265
60,18,1035.77908212319,5.73934670328163,-0.0316620826721191
61,18,783.332197368145,1.52952833473682,-0.0477483583148569
62,18,118.163130152971,1.59745433856733,-0.0235207144171
63,18,265.526717668399,1.70268779876642,-0.0456414778716862
64,18,595.834498899058,2.46427683182992,-0.0446251479443163
65,18,526.535228034481,3.99368118168786,-0.0272595014190301
66,18,1092.05312062986,2.04517260799184,-0.0330461839446798
67,18,988.950123917311,3.26165537489578,-0.0335570685798302
68,18,445.755371265113,3.26414719829336,0.00848012384958565
69,18,805.844125011936,2.90881714224815,-0.0374727391870692
70,18,1008.7246870622,5.93786605773494,0.0206499062944204
71,18,776.292887190357,1.05074896500446,0.0476662838831544
72,18,739.10027127713,5.32743470417336,0.0197953571099788
73,18,249.604527046904,1.46349138021469,0.0460038328310475
74,18,701.125390036032,1.91046235174872,0.039921244699508
75,18,372.751235868782,3.23883091355674,0.0494832425611094
76,18,557.853371044621,4.64545031334274,-0.0261489445576444
77,18,322.253093263134,1.94981161877513,0.0281271879095584
78,18,354.921516869217,1.69655714905821,0.0198086914606392
79,18,753.687727171928,2.0639631212689,-0.00640511808451265
80,18,571.993161132559,1.8436411281582,0.0187167624942958
81,18,260.963035654277,5.26517668412998,-0.0351586214499548
82,18,372.080334601924,4.70007798424922,-0.0477845533518121
83,18,812.956093018875,3.84845659974962,-0.0364500800147653
84,18,713.353652181104,5.27668096264824,0.0192086937371641
85,18,232.121966220438,1.74139321106486,-0.0190361029235646
86,18,170.007253205404,2.88728555222042,-0.0151268938789144
87,18,1066.26501297578,2.59821737324819,0.0399819006910548
88,18,468.27027797699,1.14965969254263,-0.00227057784795761
89,18,777.454084623605,2.93929523113184,0.0247444813605398
90,18,945.951730385423,4.54719512281008,0.0136040544835851
91,18,341.650385316461,2.24079394037835,0.0313132841372862
92,18,135.150991054252,4.23950182064436,0.00324366653803736
93,18,695.240236725658,1.83754760678858,-0.00742172847967595
94,18,936.191128008068,4.861963392701,-0.000671750400215387
95,18,462.249210244045,3.39671202842146,-0.0439864406827837
96,18,432.188533386216,1.30185127397999,0.011097141331993
97,18,744.73633072339,4.85356152197346,0.0127940143225715
98,18,1058.61513679847,5.3850583024323,-0.0343637141631916
99,18,696.203628461808,3.94865293428302,-0.00849650702439249
100,18,610.280017973855,4.04883859236725,-0.0217493993695825
1,19,255.264135915786,3.10341401863843,-0.0119420172413811
2,19,945.851005520672,1.24257330340333,0.0286768156569451
3,19,314.380425633863,4.25462733278982,0.0485525236930698
4,19,769.873244827613,3.50948797678575,0.000836882181465626
5,19,717.75645124726,4.93189262482338,0.0307765430770814
6,19,149.99977699481,3.73513279156759,0.0463095759507269
7,19,1049.398775585,3.22063479945064,-0.00903347705025226
8,19,682.552031613886,5.18898698757403,0.038549836166203
9,19,960.954337054864,4.37867486989126,-0.0471508843591437
10,19,618.46724934876,1.2583094604779,0.0186292042257264
11,19,366.127483453602,1.62992976862006,-0.0112806573044509
12,19,697.377663478255,5.13186029298231,-0.0217210335657001
13,19,895.576084172353,3.00714372214861,0.033900796668604
14,19,789.286037581041,3.52538995584473,0.00758252302184701
15,19,580.631644604728,2.68566891690716,0.0145359164336696
16,19,565.929388767108,4.1192003574688,-0.013756514643319
17,19,718.412335170433,3.8878180985339,0.0107230262365192
18,19,549.270514305681,2.11124025541358,0.0418623890262097
19,19,702.707532700151,4.19786846404895,0.0352010152302682
20,19,104.608974093571,2.78372457856312,0.049290278297849
21,19,1094.99451252632,3.25404437980615,-0.00671056131832302
22,19,506.462448416278,3.00345909572206,0.037553997663781
23,19,217.951637133956,2.10887211514637,-0.0135254246881232
24,19,969.53909532167,2.23937499942258,-0.0432846315903589
25,19,640.192956570536,1.88129766401835,-0.0100239140447229
26,19,981.59766793251,3.16153475339524,-8.65190755575895e-05
27,19,137.539839046076,4.04846812039614,0.0268681911751628
28,19,981.43396214582,3.04527360852808,-0.0268705281428993
29,19,822.349669784307,5.56291737034917,-0.0106169103411958
30,19,869.810296595097,2.4052442938555,-0.00830875062383711
31,19,963.593708956614,2.07800624682568,0.0276462702313438
32,19,600.742103205994,3.76210079551674,0.00281419509556144
33,19,1025.86402432062,2.75096644670703,-0.0390310977818444
34,19,308.074670284986,5.69023211160675,-0.00172734195366502
35,19,127.105593821034,4.14778552623466,-0.0398147242842242
36,19,415.793072106317,3.1848983631935,0.03951072152704
37,19,760.112249664962,2.44788575009443,0.00506816050037742
38,19,414.69130073674,1.18331575556658,0.0426535952137783
39,19,1044.46138781495,3.74190567084588,0.0276487203780562
40,19,878.970579849556,2.60187032073736,0.0142258305568248
41,19,439.431246276945,3.40509530645795,-0.0158235745271668
42,19,581.646264670417,5.04653436969966,0.0275535081513226
43,19,515.994798764586,2.09400113346055,-0.0218172567663714
44,19,876.333899470046,1.44688158086501,-0.026029828377068
45,19,585.427005914971,4.98568899021484,-0.0497739909216762
46,19,115.29910415411,1.87203535134904,-0.0114820501068607
47,19,742.451295163482,5.00654741912149,0.0145917195128277
48,19,334.829984838143,1.1847110723611,0.0312101020244882
49,19,847.025883058086,5.23557653091848,-0.0316698572365567
50,19,395.607374515384,5.10819605342112,0.0481765420176089
51,19,1006.21819160879,5.48800208978355,0.0156369511503726
52,19,953.324017953128,2.87148442491889,0.0324469136772677
53,19,561.963776964694,2.53150673722848,0.0423240559641272
54,19,171.348248282447,5.59482029196806,0.00982617379631847
55,19,677.803724445403,2.60575628629886,-0.0190024240408093
56,19,679.579334007576,5.62658726260997,0.0278991278028116
57,19,1093.57677693479,4.0151889892295,0.0257012664806098
58,19,435.274414392188,3.90582259069197,0.0369985132943839
59,19,766.801774175838,4.67839600192383,-0.00606217542663217
60,19,1038.55600198731,2.99839349719696,0.03420404586941
61,19,674.856834951788,2.83534517884254,0.0143788777757436
62,19,791.711413906887,3.15605685603805,-0.0118683373788372
63,19,189.758587069809,2.68010924011469,-0.0376118388725445
64,19,966.459244629368,4.49043396185152,0.00405287402682006
65,19,601.139396801591,2.34099088609219,0.0161961955949664
66,19,323.256284138188,5.2674620100297,-0.0440715190488845
67,19,512.419241620228,5.65428353752941,0.0404047027230263
68,19,986.306279571727,3.3234601598233,-0.0309916634112597
69,19,595.593437226489,1.03033985733055,0.0463809312786907
70,19,772.753727762029,5.70405441825278,-0.0407487912103534
71,19,382.504437956959,3.16728813829832,-0.0382461247732863
72,19,917.058302927762,5.16600625030696,-0.00489149892237037
73,19,346.0994545836,3.57620513322763,0.0203220259631053
74,19,469.646193925291,3.40019097924232,-0.0121548525523394
75,19,335.524395015091,1.72330563561991,-0.0194281808566302
76,19,1035.75692595914,1.28972877655178,0.020383172808215
77,19,515.076828328893,4.2501952489838,0.0199415655340999
78,19,237.449405388907,2.86776891350746,0.0240436099236831
79,19,1014.36472302303,1.122932754457,-0.00708206479903311
80,19,447.641376079991,1.37416732055135,-0.0294641615590081
81,19,952.930875727907,5.1510163876228,-0.00979456657078117
82,19,242.635178752244,4.67147152661346,-0.0217759218066931
83,19,459.432870987803,1.24060067837127,0.0252411978086457
84,19,345.505067519844,4.62538101384416,0.00547701162286103
85,19,145.905946521088,1.06903358735144,0.0272227153880522
86,19,884.547902178019,4.05478255846538,0.0012077524792403
87,19,299.171734508127,2.11281801713631,0.0109907146543264
88,19,491.850244253874,4.10245654778555,0.0160683386260644
89,19,423.562244651839,3.82189365127124,0.0178693819092587
90,19,702.105905069038,3.53734786529094,-0.03749852522742
91,19,641.271679569036,2.28670108737424,0.0147455700905994
92,19,1090.82373268902,2.79453794378787,-0.0250241331523284
93,19,353.79104912281,2.43991468590684,0.0109637362416834
94,19,835.269893193617,1.95006448100321,0.0210085946600884
95,19,1077.6081610471,4.15255111432634,0.00363451417069882
96,19,658.046241756529,1.05385745433159,0.0247284932993352
97,19,492.708159517497,1.72411226807162,0.0320064316969365
98,19,924.68925928697,3.54684082814492,-0.00613348328042775
99,19,212.384460866451,3.32896505040117,0.0261116701178253
100,19,635.777904093266,3.60522223892622,0.0431123519083485
1,20,543.831584881991,4.45367179950699,0.0286382732680067
2,20,373.957212688401,5.99970678240061,0.0455521013820544
3,20,257.357535790652,5.74434742936864,0.036584622762166
4,20,971.838073711842,5.76224702317268,-0.0268913145177066
5,20,662.044856371358,4.42095702653751,0.0208613012451679
6,20,650.689758267254,4.68073525023647,0.0302356853149831
7,20,692.365285614505,5.78402830078267,-0.00608002035878599
8,20,827.812862722203,2.03630110621452,0.0343232289655134
9,20,738.925284612924,4.37391624925658,-0.0362026757095009
10,20,714.450164837763,1.48840622766875,0.00201969221234322
11,20,152.416850579903,3.49353487160988,-0.0187236576806754
12,20,665.157752949744,4.79025316564366,0.00512635905761272
13,20,687.341380305588,1.0600929139182,-0.0307837480213493
14,20,728.56707512401,1.79938122071326,0.046755562722683
15,20,721.890645008534,1.5517597310245,-0.0117342490470037
16,20,182.270042039454,5.0149508905597,0.031222872203216
17,20,177.642612159252,2.87438713386655,-0.0200310786254704
18,20,787.094689812511,4.15319307730533,0.00255627839360386
19,20,930.303592374548,4.80925672827289,-0.0077963296789676
20,20,245.909875165671,2.24309896025807,0.0215834513772279
21,20,883.530072309077,2.86765916179866,-0.0347058724146336
22,20,586.450079130009,2.69737596763298,-0.0129983831662685
23,20,1089.26510545425,4.53329175850376,-0.0233128387946635
24,20,599.104954535142,3.85831478890032,0.0313024976756424
25,20,662.260535079986,1.71853543398902,0.0138925117207691
26,20,478.257020609453,2.48328713607043,0.0266595445107669
27,20,618.637197325006,2.95996235474013,0.0084572816034779
28,20,174.283792171627,3.61101494194008,0.0497284671058878
29,20,638.47234416753,3.92949090478942,-0.0156919259112328
30,20,1061.06100082397,2.54538091854192,-0.0118757484480739
31,20,627.810139581561,2.79826639010571,0.0344427485018969
32,20,537.159451888874,5.64654286624864,-0.0120774371782318
33,20,132.266996568069,3.72459003259428,-0.0449614724842832
34,20,137.734180688858,3.94512761523947,-0.0469599595526233
35,20,147.348293941468,2.25595267745666,0.0185366429155692
36,20,260.959035623819,2.94383597699925,0.0349383431253955
37,20,569.097393332049,4.22963127982803,0.0441772733349353
38,20,905.92397483997,2.82633026735857,-6.16624718531966e-05
39,20,380.597516102716,3.33849575044587,-0.0158307275967672
40,20,854.783985204995,1.88509045308456,-0.0361659348243848
41,20,621.825814852491,3.40618474432267,0.0150838388828561
42,20,388.947193184868,5.65790124726482,-0.029104342055507
43,20,117.377201467752,1.12830214924179,-0.0211676132632419
44,20,768.349529849365,2.9159195094835,-0.00367182625923306
45,20,166.97596469894,2.25130510772578,-0.000878201774321497
46,20,936.386426817626,3.88823411450721,-0.0187106082681566
47,20,235.343155823648,1.34079460194334,0.0292636514408514
48,20,755.878108460456,4.25182345346548,-0.0239198637194932
49,20,937.947728810832,1.27083968860097,-0.0319645378738642
50,20,357.647996069863,2.4553186215926,-0.0409565058536828
51,20,235.995285119861,2.55347185442224,-0.0210491375764832
52,20,863.488414231688,3.20846413518302,-0.0281569265527651
53,20,311.996233323589,3.1806304960046,0.0202714346116409
54,20,367.96959922649,5.96089618653059,0.00232516098767519
55,20,631.831194646657,4.05820810375735,0.0161188775440678
56,20,574.116867408156,2.57500748871826,-0.0336902918759733
57,20,473.443664982915,5.3121066968888,0.0290126195643097
58,20,875.349928531796,2.68847949476913,-0.0299823060398921
59,20,658.203970082104,4.35811696946621,0.0394851325079799
60,20,255.236621154472,5.49757544090971,-0.0409202988957986
61,20,1089.41844841465,5.2212389560882,0.0279306377517059
62,20,344.44643035531,1.44799715979025,-0.0409304330591112
63,20,230.378512199968,2.49668158264831,-0.035940112452954
64,20,312.681135395542,3.65434268745594,-0.029944512504153
65,20,480.004248348996,2.89550986862741,0.00611089372541756
66,20,459.621168812737,5.22625433653593,0.0157722187228501
67,20,402.662048954517,5.30538283195347,-0.0155085607198998
68,20,144.399713631719,4.40669141965918,0.00269107585772872
69,20,1034.78335277177,3.5024079834111,-0.000233679148368537
70,20,668.717029877007,5.00474552880041,-0.0183791423682123
71,20,320.802745083347,1.23227430647239,0.0320523600792512
72,20,977.961175283417,2.30889127729461,0.0387315187603235
73,20,567.288806336,1.99310726393014,0.0108785663964227
74,20,642.34981467016,5.08073909464292,-0.0215614340500906
75,20,884.39817391336,5.21587411430664,0.00616635840851814
76,20,747.870272397995,5.16403179755434,0.0159779042704031
77,20,244.893147051334,2.35343384812586,-0.004780387529172
78,20,421.637377142906,1.0974696141202,0.0130170654971153
79,20,1051.05558261275,4.15300236339681,0.0154323087306693
80,20,288.198490999639,4.7402913486585,0.0368020466296002
81,20,850.404248479754,3.52836923580617,-0.0380726275732741
82,20,559.158475277945,2.82314833509736,0.0355478756595403
83,20,241.365048941225,2.54910534271039,-0.0163322529755533
84,20,305.193076049909,2.79802185972221,0.032536657829769
85,20,775.293499603868,2.81437151855789,0.0447015084559098
86,20,238.030210509896,3.69324593944475,-0.0286826476920396
87,20,515.543700801209,4.26183825382032,0.0231093273963779
88,20,551.247031800449,3.01705988612957,0.00545711216982454
89,20,722.946569696069,3.91500899125822,-0.0331923460587859
90,20,351.174297416583,4.47886730683967,-0.0229262708220631
91,20,564.153463719413,5.45761676179245,-0.0390380961121991
92,20,265.509229060262,5.73979562404566,-0.0428740659262985
93,20,957.806453481317,3.10405382327735,-0.0331303799524903
94,20,256.551897292957,4.18301960709505,0.01246736953035
95,20,188.331633713096,1.88974699494429,0.0219095579581335
96,20,993.417771905661,1.40158288669772,0.0137992624426261
97,20,400.620508380234,3.82941695884801,0.0167550360551104
98,20,852.086671069264,5.0849467786029,-0.0407654659124091
99,20,501.606647996232,4.79849483142607,-0.0215180182131007
100,20,548.558106087148,3.85911974962801,0.0450637715402991
1,21,259.673980204388,5.94377175928093,-0.0143818489043042
2,21,244.515851279721,5.97585756937042,-0.0342741563450545
3,21,249.180392036214,2.60718720289879,0.0336019231937826
4,21,614.434259850532,1.86008959682658,0.0345028192503378
5,21,592.827306268737,2.86039216467179,-0.0120606331620365
6,21,716.342768538743,3.69474458415061,0.018180113658309
7,21,547.422890691087,5.05622462043539,-0.00232886848971248
8,21,155.676715215668,4.49342314526439,-0.0348750011529773
9,21,105.396309541538,5.49976704316214,0.0137780993478373
10,21,321.834201132879,4.61629341728985,0.0324879214866087
11,21,950.963223958388,2.27525022835471,-0.00723371901549399
12,21,367.346206121147,2.54335832805373,-0.00544072666671127
13,21,698.600273253396,4.73418681672774,-0.0268838290823624
14,21,708.599697239697,2.02623106096871,-0.0421905293362215
15,21,1092.15844040737,2.42991658067331,-0.0160175179131329
16,21,291.189960809425,5.4943540066015,-0.0274917538044974
17,21,853.390584606677,1.83990017767064,-0.0360151543281972
18,21,342.387337144464,1.71798300021328,0.00685682797338814
19,21,427.452220022678,4.667381539708,0.0180576901184395
20,21,103.535494673997,3.71417817333713,-0.0172566564520821
21,21,1097.42414359935,3.71203144337051,0.0408576496876776
22,21,538.059504376724,4.51575888809748,-0.0255644382443279
23,21,1097.68874491565,4.25742150191218,0.00964862862601876
24,21,296.719169151038,4.80603552679531,0.0168686116114259
25,21,211.476795747876,2.40393779263832,0.0291813339339569
26,21,350.736450543627,5.92045497172512,-0.00579738724045455
27,21,780.476603098214,5.81835697661154,-0.0242520335363224
28,21,677.254296746105,1.14045117073692,0.00613998810295016
29,21,516.347296210006,4.73533425736241,-0.00557919887360185
30,21,829.181243572384,2.83388339588419,0.00638440335169435
31,21,674.189733015373,2.77026237826794,-0.00541336969472468
32,21,677.6351490058,1.09698350680992,0.0445246765622869
33,21,689.999127434567,4.79446942359209,-0.0423733380623162
34,21,322.928340081125,1.7880917203147,-0.0172532331431285
35,21,203.492298629135,1.56137837469578,0.00354165018070489
36,21,836.506026936695,4.56906847446226,0.0174211746547371
37,21,712.403756240383,3.22609476186335,0.0184115078533068
38,21,1051.21236052364,1.1307041128166,-0.0494598927907646
39,21,1059.87586560659,5.59872464416549,0.0252824981696904
40,21,844.836050085723,4.92465180600993,-0.0233514932217076
41,21,534.830145677552,3.12554690893739,0.0405854906653985
42,21,274.775137333199,1.64569277805276,-0.00172380416188389
43,21,535.288068838418,5.09359008190222,-0.0429577206959948
44,21,862.458187760785,4.58403363148682,-0.0146318118087947
45,21,1019.02931104414,3.06093651708215,0.0231597445439547
46,21,1006.69758291915,1.87455851607956,-0.00117444039788097
47,21,915.512828994542,1.05390072241426,0.0263335806084797
48,21,299.752942658961,2.70451367273927,-0.0228468880057335
49,21,149.625585321337,1.94686045544222,-0.00831762333400548
50,21,578.948525618762,3.81171265174635,0.0237899468978867
51,21,690.393368853256,3.94064693152905,0.0226565788732842
52,21,196.620235824957,2.40877937781624,-0.0290613487595692
53,21,1050.89023490436,5.62994438479654,-0.0421397187048569
54,21,262.743138615042,4.5201121494174,0.00256999942939728
55,21,1021.50626261719,2.38228014926426,0.00848803564440459
56,21,227.775072818622,4.57590736006387,-0.0414812597213313
57,21,762.739590508863,4.04358951980248,-0.0499123248038814
58,21,884.041927428916,3.04107255092822,-0.0327928643906489
59,21,864.613161794841,1.83658834453672,0.0122501888312399
60,21,772.570310533047,1.12231509434059,0.0219217890640721
61,21,215.665902383626,1.77353042899631,0.0445373912807554
62,21,951.301487535238,3.93291203561239,-0.00232181346509606
63,21,717.961594834924,2.09242997830734,0.0438461630372331
64,21,936.411555996165,1.22195825120434,-0.0106070176465437
65,21,269.928224757314,5.5725503040012,-0.0496089125983417
66,21,110.281220078468,5.35071703395806,-0.0481009157374501
67,21,423.469731258228,5.13235367042944,0.0203684351872653
68,21,369.682724494487,4.04835382266901,0.0459993239026517
69,21,925.261356076226,4.61815975396894,-0.0136725950287655
70,21,1033.66173701361,4.98441823199391,-0.0120908359298483
71,21,227.791483653709,5.33836936135776,-0.000997573579661548
72,21,1013.3376062382,4.50169885787182,0.0428459777263925
73,21,705.233947746456,2.67813971987925,-0.0486658813199028
74,21,500.285166455433,3.48820240609348,-0.0390863792970777
75,21,765.795303415507,4.88123122858815,0.0149896295275539
76,21,867.599277198315,3.09579326910898,-0.0273720451397821
77,21,621.895700134337,3.91510744253173,-0.0200806220760569
78,21,494.507517106831,2.50277011794969,0.036140393675305
79,21,1065.78683354892,1.73532917303964,0.0145756735466421
80,21,148.985540634021,2.37776949442923,-0.015047767222859
81,21,253.308271663263,2.01484621642157,-0.0075822678161785
82,21,796.839065523818,2.12597698811442,-0.00126561145298183
83,21,827.785873226821,3.59979947819375,-0.0347421612590551
84,21,208.379415469244,5.60311584407464,0.0043450566008687
85,21,564.568545576185,3.90730026783422,0.0130506960907951
86,21,742.125536222011,2.30750298849307,-0.00845521858427674
87,21,497.110937861726,2.86984698288143,0.0224101344821975
88,21,1090.43025705032,3.8176945168525,0.0425642714602873
89,21,778.708809893578,1.79752880614251,0.00216596105601639
90,21,415.318457549438,4.35401169839315,-0.00638342760503292
91,21,253.769260039553,1.09134440449998,0.0214677422307432
92,21,401.251735771075,1.06194119807333,-0.0233418461401016
93,21,194.515530625358,4.32333747064695,-0.0178679930279031
94,21,126.875506853685,2.02781862369739,-0.0372245053527877
95,21,410.483304318041,2.91946584149264,0.0400569051038474
96,21,842.438868619502,1.79751815763302,0.0466919844038785
97,21,1060.09221230634,4.54276237194426,-0.0139817971037701
98,21,515.802662726492,4.07375429663807,0.00178226681891829
99,21,622.235407261178,1.3053267521318,-0.0218925302149728
100,21,167.519728792831,3.03127710847184,-0.0336340863723308
1,22,729.841805435717,1.52520870929584,0.0351199743105099
2,22,453.413787204772,3.01252800412476,-0.00772323545534164
3,22,524.71465212293,3.27838293649256,0.0367549539310858
4,22,1063.76879070885,4.12322623212822,0.0121476767584682
5,22,780.998486932367,1.39427640032955,0.0251955297542736
6,22,818.463884433731,2.70991362305358,-0.0472498034825549
7,22,270.629765372723,1.11843145359308,0.00872617072891444
8,22,303.609089134261,2.7075821920298,-0.0455248001264408
9,22,976.549711916596,4.91680611646734,0.0444631132297218
10,22,937.522525573149,4.7060511589516,-0.00507482755929232
11,22,820.627042464912,5.0808555460535,-0.0343905831919983
12,22,381.06337110512,1.27781657991,0.0065523694967851
13,22,309.990896750242,1.75756768812425,0.037239173729904
14,22,594.15031960234,4.26552973827347,-0.0436922511551529
15,22,621.752808243036,2.9639449683018,0.0456771788187325
16,22,319.831811729819,1.91886864276603,0.0361393495928496
17,22,863.106702361256,1.64201478264295,0.00217752389144152
18,22,124.519653059542,1.64448167802766,0.0337759975111112
19,22,811.485945153981,4.12080377130769,0.0220968827139586
20,22,940.887599159032,3.5100136816036,0.0497738079633564
21,22,1030.82107207738,3.4408090277575,0.0228970452910289
22,22,762.091647274792,5.36408194247633,4.43265307694674e-05
23,22,369.942219369113,1.96148830954917,0.0383679241407663
24,22,318.23346032761,4.79851654171944,-0.0308839704841375
25,22,967.818171158433,2.09700539265759,-0.0304777442244813
26,22,124.571551708505,1.78326148446649,-0.0435547025641426
27,22,950.026724394411,1.72049705544487,0.0314795149257407
28,22,623.933076998219,5.43177721463144,0.0200661842245609
29,22,535.462701832876,4.34358697989956,-0.0456269625108689
30,22,1031.29474646412,3.28400108520873,0.0419525969773531
31,22,264.550395915285,4.58001589076594,0.048109476827085
32,22,478.788392059505,4.5357834235765,0.0315997053403407
33,22,238.044937048107,4.23359027854167,-0.0216115325689316
34,22,249.721077177674,5.57986654480919,-0.00490858040284365
35,22,776.447247387841,1.99822532502003,-0.0124071212252602
36,22,662.116155866534,3.17496378114447,-0.0439585350686684
37,22,571.648442791775,1.18517949734814,0.0102138079935685
38,22,911.100168619305,1.78708557295613,-0.0172227298375219
39,22,1062.38853223622,4.51123764994554,-0.0394407211570069
40,22,615.409884043038,4.70039216126315,-0.049913701089099
41,22,803.722769627348,3.14865522808395,-0.0103684183442965
42,22,280.879510007799,2.75466979970224,-0.0169343007262796
43,22,454.96694711037,3.42144396877848,0.00245144935324788
44,22,149.90278929472,1.11804078938439,-0.0116738203214481
45,22,252.553702704608,5.24496958381496,-0.0133059488842264
46,22,199.271718645468,4.26323293382302,-0.0481458148686215
47,22,380.148076126352,1.92895248788409,0.0478632669663057
48,22,487.450202135369,3.73688349756412,0.00495408731512725
49,22,734.158786386251,5.3684567976743,-0.0463011907180771
50,22,807.063608802855,2.14752653287724,0.0013983499025926
51,22,426.018318766728,2.69866578886285,-0.00419661989435554
52,22,1065.18331510015,4.88090207590722,0.00101946692448109
53,22,796.454447461292,2.18932387093082,0.0380770508665592
54,22,261.078194156289,1.38207977544516,-0.0451185093028471
55,22,469.062241632491,3.09247303078882,-0.029846889921464
56,22,402.21775919199,1.99722137209028,-0.0447828494943678
57,22,557.965767476708,4.25869509018958,-0.0055255607701838
58,22,923.282746365294,4.10849975328892,-0.0376496919197962
59,22,332.539350865409,3.0896036515478,0.0474009131081402
60,22,502.322225272655,1.74343584477901,-0.0377178223337978
61,22,1071.61280293949,1.91962596285157,-0.0469073329586536
62,22,224.420745996758,3.12680243421346,-0.000618590135127306
63,22,730.29007660225,2.94557907641865,-0.0289185369154438
64,22,803.867005882785,1.28626456623897,-0.0070444792509079
65,22,691.200284194201,1.02756046480499,-0.0384621000848711
66,22,1096.5162712615,5.41499481676146,-0.0218191600870341
67,22,145.336101436988,2.5277363511268,0.0235496113775298
68,22,1090.07253791206,5.81238538166508,-0.0219965021125972
69,22,845.306309312582,4.37896431563422,-0.0306790155591443
70,22,536.749597778544,5.27148773916997,-0.0408400448272005
71,22,253.006548760459,3.16398076037876,0.018003819603473
72,22,548.865175480023,5.62798316846602,-0.0245667188195512
73,22,286.32471258752,4.77188393031247,-0.0240797617472708
74,22,526.548582501709,2.3852182100527,-0.0351010855054483
75,22,920.779866538942,4.43255094019696,-0.00606137816794217
76,22,150.378914223984,5.6067362697795,0.0165370191447437
77,22,425.382151640952,4.70372960111126,0.0304060532012954
78,22,942.411929508671,4.36253025219776,0.0426760265836492
79,22,140.199792943895,4.72051199199632,0.00544860828667879
80,22,891.872961213812,1.56678021792322,0.0162159540457651
81,22,1061.6284375079,1.20527133718133,-0.0473852999508381
82,22,760.920487483963,2.86560303787701,0.0405036554438993
83,22,108.717419113964,3.50829732976854,-0.0203981834696606
84,22,565.789224253967,5.75192094803788,-0.0183644386241212
85,22,816.613848693669,5.7422818117775,0.0262261205352843
86,22,128.182109817863,4.2230915967375,-0.0410296398214996
87,22,945.482558710501,2.57720601186156,0.0468567726202309
88,22,846.415409026667,3.66183085390367,0.0334296024637297
89,22,364.03076434508,4.37327247252688,-0.0367537533631548
90,22,845.913676219061,5.28598474594764,-0.0379158640280366
91,22,771.582471346483,3.78505191556178,-0.00904182603117079
92,22,272.052733367309,1.47196576721035,-0.0389045813586563
93,22,769.716468313709,4.5562023113016,-0.0032513580750674
94,22,1030.35403150134,5.17610807693563,0.0278558735735714
95,22,950.974758388475,2.96399717475288,-0.0268088564276695
96,22,881.073235208169,1.97363522276282,-0.0112947694724426
97,22,785.842331266031,2.29197848727927,-0.0416611254680902
98,22,691.369112022221,1.18573163077235,-0.0314876827644184
99,22,503.273216914386,3.64341732254252,0.0467027444159612
100,22,228.348112571985,3.95381149509922,0.0182988477405161
1,23,920.16446441412,3.91156610008329,0.043034086143598
2,23,816.720472322777,5.48522178223357,0.00910448879003525
3,23,888.324852474034,3.13242103927769,-0.0420254682190716
4,23,118.316001165658,2.18791230022907,0.03450185675174
5,23,274.490140983835,3.56270472076721,-0.0470215627690777
6,23,698.648968385532,1.33254247508012,0.0314659719588235
7,23,180.638822866604,4.29796374891885,-0.0109250538982451
8,23,807.315941806883,4.6730910022743,-0.0356595466146246
9,23,663.668774208054,2.09410105505958,0.0166557763237506
10,23,382.807909185067,1.94908259576187,0.0118586165364832
11,23,492.056765733287,5.36394845251925,-0.00512367715127766
12,23,772.728167846799,2.45933431689627,0.0306599612580612
13,23,262.179667269811,5.93061750079505,0.0370606883428991
14,23,208.501903479919,4.64572924328968,0.048618273017928
15,23,633.444229979068,5.65094849001616,-0.009736342378892
16,23,203.199100354686,4.75879951287061,-0.0147868068888783
17,23,193.418085249141,2.623820256209,-0.0378101348876953
18,23,739.925142051652,2.87703576870263,0.0490613096160814
19,23,664.042437123135,1.17080115969293,0.0435729715740308
20,23,405.536519503221,5.47413520189002,0.0439029850531369
21,23,366.009031329304,3.60805638157763,-0.00925178974866867
22,23,732.500789593905,2.72401344403625,0.0272180330008268
23,23,930.757833551615,5.05322168953717,-0.0111784686800092
24,23,151.355615258217,4.95912035601214,-0.0467372092185542
25,23,1092.33503616415,4.90873471158557,-0.0103785711107776
26,23,122.087192861363,3.66019396251068,0.0458923527505249
27,23,279.838889045641,1.54697985295206,0.00223308100830764
28,23,428.692074865103,5.44169754744507,0.0173792657442391
29,23,954.895716765895,1.66411163541488,-0.0489793313434348
30,23,284.360313229263,5.14887298713438,0.000559657136909664
31,23,895.356702525169,3.7659887203481,0.0252790449652821
32,23,958.852138277143,3.78635423746891,-0.00482930417638272
33,23,572.019533859566,4.67184604634531,0.02646165760234
34,23,748.202839307487,2.94228289881721,0.00625824157614261
35,23,425.04168455489,5.04324916307814,0.0235405725659803
36,23,566.13745810464,5.26052324590273,0.0230329097248614
37,23,1042.40728369914,4.96431005559862,-0.01595097866375
38,23,345.464298641309,3.08491643541493,0.019749222882092
39,23,122.457059239969,1.8326415088959,0.0039553300710395
40,23,1067.07183052786,4.6242042761296,0.0378918587230146
41,23,360.048856958747,1.47329018125311,-0.0424344006692991
42,23,754.107216512784,1.28437025728635,-0.0123363038059324
43,23,175.381237547845,1.11041294434108,0.0140494304243475
44,23,1069.24609900452,4.26143825077452,-0.0474676818819717
45,23,1018.53932384402,4.46598474308848,-0.0293051606509835
46,23,968.152536218986,1.92549610766582,0.013380507635884
47,23,524.378974828869,4.98098167963326,0.0406062740366906
48,23,881.031975988299,4.95399597939104,-0.000410419120453298
49,23,399.905892694369,4.15754134091549,-0.0322731164749712
50,23,389.452788420022,5.7766640491318,0.0254682869650424
51,23,1099.27383312024,1.72385778417811,-0.0480256968410686
52,23,1087.03720793128,1.30526656424627,0.011984478845261
53,23,580.046341195703,5.70763185294345,0.00685403412207961
54,23,862.275066226721,5.23370769247413,-0.0348632256034762
55,23,428.611925011501,2.7781831312459,-0.044850798882544
56,23,336.238847253844,3.00639248709194,-0.0458096596412361
57,23,717.860030382872,5.81191632337868,-0.0323256427654997
58,23,440.449265437201,1.48692059004679,-0.0255125704221427
59,23,158.3910276182,4.5466046910733,0.0289310839492828
60,23,1081.94582224824,3.76867147767916,-0.0326374709839001
61,23,788.040121691301,5.41518918960355,0.046941964305006
62,23,962.182220909745,4.66491154069081,-0.000876471260562539
63,23,561.695483652875,4.1476375949569,-0.0103600647533312
64,23,226.027198508382,1.77750381547958,0.000985957379452884
65,23,780.295445257798,3.37112724687904,0.0334387979470193
66,23,119.948785193264,3.17593709239736,-0.0443900301121175
67,23,262.958639673889,1.77819019323215,-0.0415800114627928
68,23,995.81583510153,5.16568632470444,0.0432648471090943
69,23,253.157744556665,2.44123330595903,0.0458229623734951
70,23,358.641593623906,4.17943304195069,-0.0103320804890245
71,23,344.024680228904,3.40606818464585,-0.000202948343940079
72,23,411.864907387644,3.83035094849765,-0.0099540815455839
73,23,321.246689558029,4.05528321419843,-0.0282269316259772
74,23,130.546842841431,1.53025108063594,0.0248647225787863
75,23,1003.0366090592,3.43374944431707,0.0154516799142584
76,23,1059.39746429212,1.81178965163417,0.00204528083559126
77,23,1042.84866144881,3.1468624449335,-0.0290814012521878
78,23,553.300039982423,4.35237753693946,0.0236354648601264
79,23,537.665002420545,3.86395731614903,0.00200675188098103
80,23,150.166147761047,2.33437907788903,-0.0332991462433711
81,23,459.821268357337,2.50004950002767,0.00405311924405396
82,23,996.644064690918,1.05346330814064,-0.0122233865316957
83,23,471.063167229295,2.48000442306511,0.0378823065431789
84,23,603.285011276603,4.51902915746905,0.0369725200580433
85,23,627.599306078628,1.36368565517478,-0.0214503984199837
86,23,270.270065078512,5.87321794498712,-0.0199841146823019
87,23,638.59877679497,5.00649667484686,-0.0146296298829839
88,23,210.49344507046,5.45501316920854,-0.00368816067930311
89,23,714.105034386739,3.59358217008412,0.00493398057296872
90,23,644.976426986977,2.7170356051065,-0.0021259298780933
91,23,327.62869251892,3.33338802587241,0.0315240435302258
92,23,1001.50865260512,1.54320510942489,-0.0318056898890063
93,23,298.526436695829,2.14685695851222,0.0470993318362162
94,23,521.812117565423,2.87437127227895,0.0137045002542436
95,23,984.361858014017,3.01077343313955,0.0443196493200958
96,23,338.200846593827,4.32968757720664,0.00204170022625476
97,23,391.630598250777,1.69283195538446,0.0331536641111597
98,23,976.395269529894,3.32198199955747,0.0471064798301086
99,23,719.072475004941,1.73510321322829,-0.0471484748413786
100,23,957.298753689975,3.76413922430947,-0.0324298340827227
1,24,577.284332504496,1.13747608987615,0.0328263339586556
2,24,994.230959936976,5.0249081980437,0.0124062089249492
3,24,269.069356750697,5.184379336657,0.0274401322938502
4,24,721.070137713104,2.00712253246456,0.0266679633408785
5,24,822.760529723018,3.75059908861294,-0.0257347956532612
6,24,290.216163406149,4.06476132129319,-0.0260835672495887
7,24,668.715502275154,1.66022488288581,-0.0213939382927492
8,24,771.531327534467,4.48649448249489,-0.0423519602511078
9,24,1019.21089868993,5.38872373080812,-0.0414523861836642
10,24,425.559697812423,5.75197840132751,0.00669563771225512
11,24,646.752070309594,4.66940233740024,-0.000500538502819836
12,24,104.991178633645,1.00856641796418,-0.0224615447688848
13,24,470.116141391918,4.85536059970036,0.00361067084595561
14,24,737.621424626559,2.72100619063713,0.00140069061890244
15,24,709.607010148466,3.05344970221631,-0.0460246217669919
16,24,918.292169133201,1.01566569437273,-0.00724302693270147
17,24,217.891796631739,2.68097164016217,-0.044309957139194
18,24,763.35767111741,2.62192697753198,-0.0113207472255453
19,24,301.607255265117,3.30472568538971,0.00692578728776425
20,24,686.859541479498,5.12662360584363,-0.0366344647016376
21,24,795.069978712127,4.28573773498647,-0.0347762441495433
22,24,628.288147877902,2.83308857260272,-0.019933470338583
23,24,469.521510088816,4.94059932790697,-0.011761250323616
24,24,798.472405551001,2.90820731339045,-0.0300531451124698
25,24,573.70445728302,5.72011370584369,0.0343204752309248
26,24,330.807848041877,4.8590819214005,-0.0189514135243371
27,24,554.134696628898,2.52675718069077,-0.0164913721615449
28,24,179.191919183359,2.20480790035799,0.018332123127766
29,24,357.680573733523,1.77459172345698,0.00505552582908422
30,24,654.080500733107,5.44074443774298,-0.03791911941953
31,24,121.759793162346,3.70084335352294,0.0230977173661813
32,24,311.102063767612,5.532388697844,-0.00956502084154636
33,24,736.393392225727,5.99372439342551,-0.0369632951915264
34,24,816.973771108314,3.77603628812358,0.0312901060562581
35,24,876.862405473366,2.67050704127178,0.0393006556434557
36,24,173.208565358073,4.34348395699635,0.0433463417924941
37,24,198.74837147072,5.37018227530643,0.032043270021677
38,24,1046.39556040056,5.88967511686496,-0.00419485501479358
39,24,1030.8834078256,3.01982326805592,0.0398484825855121
40,24,1021.45154159516,4.67188051110134,-0.0180410171858966
41,24,749.938648333773,2.58065900788642,-0.0165019341977313
42,24,256.350366072729,3.28317624540068,0.0200347830774263
43,24,1010.14366876334,2.19361376622692,-0.0428446674253792
44,24,1022.06188780256,4.46171334735118,0.0019886878086254
45,24,269.240613933653,3.08174097817391,0.0195381519617513
46,24,173.367315577343,4.4489921934437,0.0219801156315953
47,24,666.228931071237,5.74841331713833,0.0231887726578861
48,24,465.405296906829,1.25473378016613,0.0453376636141911
49,24,560.166618926451,4.0930777231697,0.0494463213253766
50,24,564.73691239953,4.73326075146906,-0.012011296232231
51,24,878.90710812062,4.43493720167316,0.0457237668801099
52,24,923.666376294568,5.37236939091235,0.00841660546138883
53,24,382.355052186176,4.99595602182671,-0.0178992288885638
54,24,829.978314135224,5.41277879988775,-0.0404859298607335
55,24,595.971685973927,5.90427613141946,-0.0342979092849419
56,24,166.268301103264,3.74294747388922,-0.0365012555615976
57,24,137.647830555215,4.90506481402554,0.0232696560677141
58,24,337.585074035451,3.89742097724229,-0.022618765826337
59,24,318.396110227332,1.38386948988773,0.0476882553426549
60,24,522.386274905875,3.34396529034711,-0.0127550840377808
61,24,649.751633079723,1.75341166229919,-0.0381621964508668
62,24,813.737604673952,3.78136699344032,-0.0365779981948435
63,24,339.99410867691,1.27989419060759,-0.0282452161423862
64,24,995.682013127953,4.68270776933059,0.038829456595704
65,24,582.623788062483,1.01097984961234,0.0459741576109082
66,24,362.847001897171,1.43657251866534,-0.0318099187454209
67,24,419.918760331348,5.50801007449627,0.0466908853501082
68,24,764.30197423324,5.87078970181756,-0.0253169579431415
69,24,828.051361395046,2.55375299043953,0.0077129889279604
70,24,671.435950929299,4.20996924303472,-0.0384050039574504
71,24,978.695076331496,4.26783866737969,-0.0447408593958244
72,24,509.203278832138,4.06140976725146,-0.00527348816394806
73,24,305.395789584145,5.40660656313412,-0.0206287233624607
74,24,570.820417162031,4.90748214209452,-0.0100914150243625
75,24,479.407775355503,2.52192027773708,0.0378479368519038
76,24,347.564962366596,1.27006616815925,0.0218290420481935
77,24,1025.03252578899,3.23159362562001,0.0484369464917108
78,24,566.174706583843,3.13008758728392,-0.0498089287662879
79,24,113.941683340818,4.18463388248347,-0.000633355928584933
80,24,1043.22473811917,4.72351200669073,-0.0139112055068836
81,24,474.545655446127,3.94676160789095,-0.0236125239403918
82,24,108.041535504162,3.31426869519055,-0.0213618528563529
83,24,1080.5245033931,2.09686096780933,0.011992632993497
84,24,477.540055895224,3.26739688776433,0.0355214308016002
85,24,1085.86755478755,4.83777055540122,0.00575966455508024
86,24,239.616390690207,2.29119975026697,-0.0325718442443758
87,24,662.218103092164,4.53670872747898,-0.0318413420580328
88,24,894.360194355249,4.89362774905749,-0.0336402376415208
89,24,293.901368649676,2.93250711075962,0.0223035922041163
90,24,810.69850306958,2.5428030944895,0.0460323727922514
91,24,665.708020003513,1.55390904541127,0.0417802998330444
92,24,110.115733137354,3.39945300039835,-0.00748781422153115
93,24,356.950867827982,4.68371044634841,0.000523414183408022
94,24,570.981482882053,3.58861105074175,0.0282588947797194
95,24,1026.86274717562,5.61642461596057,0.0234260602388531
96,24,1095.2919788193,1.07229291368276,-0.00397348159458488
97,24,309.982300410047,5.58143159281462,0.00995123237371445
98,24,645.186908217147,3.89804817526601,0.045762896980159
99,24,745.392872393131,5.04284426360391,0.0177803740138188
100,24,1001.10798063688,3.16779398266226,-0.0087491755373776
